ATM_ID,Date,MAE,RMSE,SMAPE,Best Order
Z1899001,2006-07-04,16786.060342719255,16786.060342719255,19.26707589211134,"(0, 0, 1)"
Z1899001,2006-07-05,2224.130559205223,2224.130559205223,1.6653550622854318,"(0, 0, 1)"
Z1899001,2006-07-06,3022.107459228995,3022.107459228995,4.047769631210053,"(0, 0, 1)"
Z1899001,2006-07-07,6089.785187708534,6089.785187708534,11.353089823952219,"(1, 0, 1)"
Z1899001,2006-07-10,9340.566728670852,9340.566728670852,54.81644400615629,"(0, 0, 1)"
Z1899001,2006-07-11,13211.864336038832,13211.864336038832,129.03385886484588,"(0, 0, 1)"
Z1899001,2006-07-12,15387.41693247077,15387.41693247077,199.99999998700235,"(0, 0, 1)"
Z1899001,2006-07-13,9631.60595169074,9631.60595169074,71.19126090143266,"(0, 0, 1)"
Z1899001,2006-07-14,11560.346567283304,11560.346567283304,39.65789998775888,"(1, 0, 1)"
Z1899001,2006-07-17,3943.809151619018,3943.809151619018,4.769569222390448,"(1, 0, 1)"
Z1899001,2006-07-18,14819.33176000393,14819.33176000393,13.859600717916557,"(0, 0, 1)"
Z1899001,2006-07-19,6969.352411826723,6969.352411826723,8.18098239385261,"(0, 0, 1)"
Z1899001,2006-07-20,15495.208100591437,15495.208100591437,17.94307319072577,"(1, 0, 1)"
Z1899001,2006-07-21,11000.069677380176,11000.069677380176,6.472915106759234,"(1, 0, 1)"
Z1899001,2006-07-24,23344.53444520246,23344.53444520246,16.46500528507335,"(0, 0, 1)"
Z1899001,2006-07-25,2112.6949463502388,2112.6949463502388,3.0240258989092035,"(1, 0, 1)"
Z1899001,2006-07-26,2282.257574173651,2282.257574173651,1.367922640393604,"(0, 0, 1)"
Z1899001,2006-07-27,4459.414091215862,4459.414091215862,8.107331773402118,"(1, 0, 1)"
Z1899001,2006-07-28,1837.9306207754125,1837.9306207754125,6.549760695114474,"(1, 0, 1)"
Z1899001,2006-07-31,2558.9014483401807,2558.9014483401807,10.393356458542938,"(1, 0, 1)"
Z1899001,2006-08-01,5462.521927854425,5462.521927854425,12.752848690585598,"(1, 0, 1)"
Z1899001,2006-08-02,3783.321700432527,3783.321700432527,4.179849882845325,"(1, 0, 1)"
Z1899001,2006-08-03,409.58159958789474,409.58159958789474,0.4609539533723141,"(1, 0, 1)"
Z1899001,2006-08-04,19.28432703884755,19.28432703884755,0.054545388832907764,"(1, 0, 1)"
Z1899001,2006-08-07,10763.596301327387,10763.596301327387,16.17083161858542,"(1, 0, 1)"
Z1899001,2006-08-08,2886.6505521540457,2886.6505521540457,9.240734023339277,"(0, 0, 1)"
Z1899001,2006-08-09,18211.61116093493,18211.61116093493,124.70123744692215,"(0, 0, 1)"
Z1899001,2006-08-10,17059.886406682108,17059.886406682108,199.99999998827658,"(0, 0, 1)"
Z1899001,2006-08-11,14178.231853795423,14178.231853795423,188.3929079312667,"(1, 0, 1)"
Z1899001,2006-08-14,13152.543842184197,13152.543842184197,27.523686852502205,"(1, 0, 1)"
Z1899001,2006-08-15,4161.135079660511,4161.135079660511,12.940636405939715,"(1, 0, 1)"
Z1899001,2006-08-16,5213.536570749504,5213.536570749504,21.317356855200828,"(1, 0, 1)"
Z1899001,2006-08-17,7211.085518523163,7211.085518523163,8.98975791463179,"(1, 0, 1)"
Z1899001,2006-08-18,2427.5794614057086,2427.5794614057086,2.1416440597569393,"(1, 0, 1)"
Z1899001,2006-08-21,17072.144811936014,17072.144811936014,9.761148937124617,"(0, 0, 1)"
Z1899001,2006-08-22,2122.230074956882,2122.230074956882,2.7425684857543047,"(1, 0, 1)"
Z1899001,2006-08-23,558.4401806383685,558.4401806383685,0.5816735004505175,"(1, 0, 1)"
Z1899001,2006-08-24,3200.884331220732,3200.884331220732,3.5582998139345774,"(1, 0, 1)"
Z1899001,2006-08-25,21890.13552888276,21890.13552888276,12.304054784214058,"(0, 0, 1)"
Z1899001,2006-08-28,17695.388953795933,17695.388953795933,26.45141823202067,"(0, 0, 1)"
Z1899001,2006-08-29,15737.330790968801,15737.330790968801,54.99935283781348,"(1, 0, 1)"
Z1899001,2006-08-31,5330.977630069196,5330.977630069196,16.706035626361135,"(1, 0, 1)"
Z1899001,2006-09-01,15129.038323439847,15129.038323439847,25.213164832700468,"(1, 0, 1)"
Z1899001,2006-09-04,80892.16563171607,80892.16563171607,192.82497661818087,"(1, 0, 1)"
Z1899001,2006-09-05,15660.396957442339,15660.396957442339,25.332168680606983,"(0, 0, 1)"
Z1899001,2006-09-06,8042.707762122518,8042.707762122518,32.93674728231566,"(0, 0, 1)"
Z1899001,2006-09-07,3333.515372442009,3333.515372442009,7.00785904683587,"(0, 0, 1)"
Z1899001,2006-09-08,15239.697097271386,15239.697097271386,99.34515408854902,"(0, 0, 1)"
Z1899001,2006-09-11,14829.521755213394,14829.521755213394,190.85026240082453,"(0, 0, 1)"
Z1899001,2006-09-12,28822.715999438577,28822.715999438577,199.99999999306104,"(1, 0, 1)"
Z1899001,2006-09-13,20907.259496626004,20907.259496626004,199.99999999043393,"(1, 0, 1)"
Z1899001,2006-09-14,24795.778522785502,24795.778522785502,199.99999999193412,"(1, 0, 1)"
Z1899001,2006-09-15,9880.865556120807,9880.865556120807,71.8847177480843,"(0, 0, 1)"
Z1899001,2006-09-18,3381.8222190147644,3381.8222190147644,5.312812229244412,"(1, 0, 1)"
Z1899001,2006-09-19,283.65077441868925,283.65077441868925,0.592335725164799,"(1, 0, 1)"
Z1899001,2006-09-20,8719.88926436858,8719.88926436858,35.649507464581916,"(1, 0, 1)"
Z1899001,2006-09-21,5719.94509451247,5719.94509451247,6.049972769967468,"(1, 0, 1)"
Z1899001,2006-09-22,3650.483905475863,3650.483905475863,3.4697198940602574,"(1, 0, 1)"
Z1899001,2006-09-25,739.8169948305876,739.8169948305876,0.622557685169438,"(1, 0, 1)"
Z1899001,2006-09-26,5583.0376084921445,5583.0376084921445,4.511236364996,"(0, 0, 1)"
Z1899001,2006-09-27,4788.780510231474,4788.780510231474,10.706116231106565,"(0, 0, 1)"
Z1899001,2006-09-28,2195.6317950113116,2195.6317950113116,9.160750417788416,"(0, 0, 1)"
Z1899001,2006-09-29,19886.133370266467,19886.133370266467,199.99999998994272,"(1, 0, 1)"
Z1899001,2006-10-02,7943.356006855494,7943.356006855494,9.751034107684964,"(1, 0, 1)"
Z1899001,2006-10-03,8071.782672229383,8071.782672229383,14.976619686676823,"(0, 0, 1)"
Z1899001,2006-10-04,24573.032934888746,24573.032934888746,44.38247970524898,"(1, 0, 1)"
Z1899001,2006-10-05,11474.020173775934,11474.020173775934,7.897703771514203,"(0, 0, 1)"
Z1899001,2006-10-06,7006.738391147028,7006.738391147028,57.61347720166532,"(0, 0, 1)"
Z1899001,2006-10-09,7081.75035779288,7081.75035779288,22.915227008280706,"(0, 0, 1)"
Z1899001,2006-10-10,20920.29646256085,20920.29646256085,199.9999999904399,"(0, 0, 1)"
Z1899001,2006-10-11,21927.751842593992,21927.751842593992,199.99999999087913,"(0, 0, 1)"
Z1899001,2006-10-12,14566.63130766684,14566.63130766684,199.99999998626998,"(0, 0, 1)"
Z1899001,2006-10-13,8731.043041489167,8731.043041489167,126.82214153423213,"(0, 0, 1)"
Z1899001,2006-10-16,9976.157020681987,9976.157020681987,60.43620566457235,"(0, 0, 1)"
Z1899001,2006-10-17,769.5583415349029,769.5583415349029,2.1326136402657747,"(0, 0, 1)"
Z1899001,2006-10-18,6085.696042538082,6085.696042538082,6.4843436343205205,"(0, 0, 1)"
Z1899001,2006-10-19,8735.61606945518,8735.61606945518,8.662659844224923,"(0, 0, 1)"
Z1899001,2006-10-20,90686.0816355967,90686.0816355967,36.07286338324044,"(0, 0, 1)"
Z1899001,2006-10-26,39230.093832357656,39230.093832357656,73.71992717357173,"(0, 0, 1)"
Z1899001,2006-10-27,16999.177186702458,16999.177186702458,70.4641122503334,"(0, 0, 1)"
Z1899001,2006-10-30,12985.87544455405,12985.87544455405,199.99999998459865,"(0, 0, 1)"
Z1899001,2006-10-31,17116.113787078153,17116.113787078153,199.99999998831512,"(1, 0, 1)"
Z1899001,2006-11-01,4238.744987111011,4238.744987111011,20.511087726160845,"(0, 0, 1)"
Z1899001,2006-11-02,4690.790228611608,4690.790228611608,8.23156568303386,"(0, 0, 1)"
Z1899001,2006-11-03,11922.197883484958,11922.197883484958,25.31999496944769,"(0, 0, 1)"
Z1899001,2006-11-06,32326.191397088725,32326.191397088725,48.02719652273224,"(0, 0, 1)"
Z1899001,2006-11-07,1429.06541188938,1429.06541188938,3.897146503964642,"(0, 0, 1)"
Z1899001,2006-11-08,8747.322520599024,8747.322520599024,105.3090030901857,"(0, 0, 1)"
Z1899001,2006-11-09,8736.99716370692,8736.99716370692,189.2558102206415,"(0, 0, 1)"
Z1899001,2006-11-10,7901.1722676767195,7901.1722676767195,199.9999999746873,"(0, 0, 1)"
Z1899001,2006-11-13,10188.698655261398,10188.698655261398,199.9999999803704,"(0, 0, 1)"
Z1899001,2006-11-14,10369.227160171364,10369.227160171364,199.99999998071215,"(0, 0, 1)"
Z1899001,2006-11-15,1973.5675080604578,1973.5675080604578,13.324306786863778,"(0, 0, 1)"
Z1899001,2006-11-16,72.02546544285906,72.02546544285906,0.559811861967784,"(0, 0, 1)"
Z1899001,2006-11-17,12363.885928134587,12363.885928134587,22.81498918800265,"(0, 0, 1)"
Z1899001,2006-11-20,4113.715519609832,4113.715519609832,5.603611793943989,"(0, 0, 1)"
Z1899001,2006-11-21,11132.921857744936,11132.921857744936,15.1064538477828,"(0, 0, 1)"
Z1899001,2006-11-22,15472.321192096126,15472.321192096126,27.234650779227785,"(0, 0, 1)"
Z1899001,2006-11-23,21921.325493582888,21921.325493582888,38.637647701805356,"(1, 0, 1)"
Z1899001,2006-11-24,17002.69868230207,17002.69868230207,25.536728904449756,"(0, 0, 1)"
Z1899001,2006-11-27,13239.344349168787,13239.344349168787,58.607952548206136,"(0, 0, 1)"
Z1899001,2006-11-28,772.2160978260035,772.2160978260035,3.521902273243048,"(0, 0, 1)"
Z1899001,2006-11-29,8921.49547983015,8921.49547983015,177.74550902509273,"(0, 0, 1)"
Z1899001,2006-11-30,10754.492662301664,10754.492662301664,199.99999998140314,"(0, 0, 1)"
Z1899001,2006-12-01,5736.22835719779,5736.22835719779,20.444993053078292,"(0, 0, 1)"
Z1899001,2006-12-04,25139.461369716184,25139.461369716184,23.75338725197603,"(0, 0, 1)"
Z1899001,2006-12-05,4071.4619419410737,4071.4619419410737,7.844710210688801,"(0, 0, 1)"
Z1899001,2006-12-06,3582.121826546114,3582.121826546114,7.690082098338285,"(0, 0, 1)"
Z1899001,2006-12-07,151.68990832087366,151.68990832087366,0.5093539439589861,"(0, 0, 1)"
Z1899001,2006-12-08,560.0989727479973,560.0989727479973,2.7361876829225515,"(0, 0, 1)"
Z1899001,2006-12-11,8183.129477439075,8183.129477439075,153.43074539742886,"(0, 0, 1)"
Z1899001,2006-12-12,7070.183795500434,7070.183795500434,116.19212116458098,"(0, 0, 1)"
Z1899001,2006-12-13,8967.967437776158,8967.967437776158,199.9999999776984,"(0, 0, 1)"
Z1899001,2006-12-14,6524.302433904219,6524.302433904219,128.73909054043827,"(0, 0, 1)"
Z1899001,2006-12-15,8379.193037142115,8379.193037142115,44.70191198096468,"(0, 0, 1)"
Z1899001,2006-12-18,6991.316403339479,6991.316403339479,16.475098300659827,"(0, 0, 1)"
Z1899001,2006-12-19,18354.877907537724,18354.877907537724,32.23975337202984,"(0, 0, 1)"
Z1899001,2006-12-20,12150.730822526864,12150.730822526864,25.53727933229114,"(0, 0, 1)"
Z1899001,2006-12-21,8871.787269582506,8871.787269582506,10.724317235779923,"(0, 0, 1)"
Z1899001,2006-12-22,15341.319154957659,15341.319154957659,20.27916113427168,"(0, 0, 1)"
Z1899001,2006-12-25,1346.0204247440415,1346.0204247440415,1.5943955219749257,"(0, 0, 1)"
Z1899001,2006-12-26,16383.96271293427,16383.96271293427,16.753891766573766,"(0, 0, 1)"
Z1899001,2006-12-27,652.654628268032,652.654628268032,2.936093564724355,"(0, 0, 1)"
Z1899001,2006-12-28,3812.3006418882505,3812.3006418882505,13.213686800746698,"(0, 0, 1)"
Z1899001,2006-12-29,6907.334526373874,6907.334526373874,30.831267243330522,"(0, 0, 1)"
Z1899001,2007-01-04,56882.97551215108,56882.97551215108,38.91257120523619,"(0, 0, 1)"
Z1899001,2007-01-05,7431.122007442173,7431.122007442173,5.535675619836323,"(0, 0, 1)"
Z1899001,2007-01-08,32695.601871959276,32695.601871959276,72.5154059254771,"(0, 0, 1)"
Z1899001,2007-01-09,21078.353034643384,21078.353034643384,44.829268812596176,"(0, 0, 1)"
Z1899001,2007-01-10,5996.4296114093995,5996.4296114093995,39.84811280695531,"(0, 0, 1)"
Z1899001,2007-01-11,3791.8808232737356,3791.8808232737356,199.99999994725573,"(0, 0, 1)"
Z1899001,2007-01-12,5004.9588889338065,5004.9588889338065,144.96708724016128,"(0, 0, 1)"
Z1899001,2007-01-15,9892.00977893993,9892.00977893993,43.27969750864421,"(0, 0, 1)"
Z1899001,2007-01-16,3748.031676600078,3748.031676600078,26.340765370292516,"(0, 0, 1)"
Z1899001,2007-01-17,13090.581284962725,13090.581284962725,33.1320804578494,"(0, 0, 1)"
Z1899001,2007-01-18,6583.783320065326,6583.783320065326,11.97554667280645,"(0, 0, 1)"
Z1899001,2007-01-19,11029.049393801077,11029.049393801077,16.833225583882555,"(0, 0, 1)"
Z1899001,2007-01-22,5530.50835316522,5530.50835316522,7.495411400077513,"(0, 0, 1)"
Z1899001,2007-01-23,20053.487028008967,20053.487028008967,30.37636508623457,"(0, 0, 1)"
Z1899001,2007-01-24,3672.994272433767,3672.994272433767,12.37052566100379,"(0, 0, 1)"
Z1899001,2007-01-25,22144.39522960734,22144.39522960734,19.840479537848484,"(0, 0, 1)"
Z1899001,2007-01-26,2467.905537963292,2467.905537963292,2.049737601715185,"(0, 0, 1)"
Z1899001,2007-01-29,5963.206871239814,5963.206871239814,36.90879023439044,"(0, 0, 1)"
Z1899001,2007-01-30,7707.346734739986,7707.346734739986,116.93164614237932,"(0, 0, 1)"
Z1899001,2007-01-31,12475.388747705612,12475.388747705612,199.99999998396842,"(0, 0, 1)"
Z1899001,2007-02-01,5421.859653199255,5421.859653199255,18.221106464169047,"(1, 0, 1)"
Z1899001,2007-02-02,12306.299460171744,12306.299460171744,32.47203240172934,"(0, 0, 1)"
Z1899001,2007-02-05,22550.174516109313,22550.174516109313,19.105474190526895,"(0, 0, 1)"
Z1899001,2007-02-06,12462.976336302592,12462.976336302592,45.63272517170214,"(0, 0, 1)"
Z1899001,2007-02-07,12384.482262254991,12384.482262254991,26.359922310981478,"(0, 0, 1)"
Z1899001,2007-02-08,2938.404114186207,2938.404114186207,13.549900823822655,"(0, 0, 1)"
Z1899001,2007-02-09,2683.224170736139,2683.224170736139,26.95789809072837,"(0, 0, 1)"
Z1899001,2007-02-12,717.2386070061202,717.2386070061202,5.409602542774349,"(0, 0, 1)"
Z1899001,2007-02-13,970.2038320665797,970.2038320665797,7.107773450489355,"(0, 0, 1)"
Z1899001,2007-02-14,1609.5424271973661,1609.5424271973661,11.642452538787285,"(0, 0, 1)"
Z1899001,2007-02-15,8888.997904386571,8888.997904386571,31.97538890723562,"(0, 0, 1)"
Z1899001,2007-02-16,13859.002480538365,13859.002480538365,34.068762049247574,"(0, 0, 1)"
Z1899001,2007-02-19,7307.711449224051,7307.711449224051,8.921759905606416,"(0, 0, 1)"
Z1899001,2007-02-20,9029.907086188075,9029.907086188075,14.483781882801486,"(0, 0, 1)"
Z1899001,2007-02-21,31264.641869453,31264.641869453,28.10751551939586,"(0, 0, 1)"
Z1899001,2007-02-22,399.0821653823514,399.0821653823514,0.5200476309204373,"(0, 0, 1)"
Z1899001,2007-02-23,22557.95815518168,22557.95815518168,23.64591149001332,"(0, 0, 1)"
Z1899001,2007-02-26,31087.714702237892,31087.714702237892,25.688899035815442,"(1, 0, 1)"
Z1899001,2007-02-27,5263.884216630038,5263.884216630038,26.27745321964402,"(0, 0, 1)"
Z1899001,2007-02-28,2798.182637314725,2798.182637314725,18.66586406936061,"(0, 0, 1)"
Z1899001,2007-03-01,3396.476174125797,3396.476174125797,4.347865821447073,"(0, 0, 1)"
Z1899001,2007-03-02,6648.450432151818,6648.450432151818,12.707471115312769,"(0, 0, 1)"
Z1899001,2007-03-05,6446.921413021759,6446.921413021759,7.118043331576252,"(0, 0, 1)"
Z1899001,2007-03-06,9560.783719396088,9560.783719396088,22.858802498140705,"(0, 0, 1)"
Z1899001,2007-03-07,8286.12255924799,8286.12255924799,14.988537840300665,"(1, 0, 1)"
Z1899001,2007-03-08,6273.758271151826,6273.758271151826,19.00454756086806,"(1, 0, 1)"
Z1899001,2007-03-09,6130.666406423337,6130.666406423337,26.99505265480372,"(1, 0, 1)"
Z1899001,2007-03-12,7294.324024877504,7294.324024877504,29.57698526613608,"(0, 0, 1)"
Z1899001,2007-03-13,7074.275771708784,7074.275771708784,32.80878644313717,"(0, 0, 1)"
Z1899001,2007-03-14,6423.155614440831,6423.155614440831,38.16133988041583,"(0, 0, 1)"
Z1899001,2007-03-15,246.17802440362357,246.17802440362357,1.0741647100994556,"(0, 0, 1)"
Z1899001,2007-03-16,12033.986906056474,12033.986906056474,24.991669177041537,"(0, 0, 1)"
Z1899001,2007-03-19,3619.989600725101,3619.989600725101,5.832108754542373,"(0, 0, 1)"
Z1899001,2007-03-20,21692.934032464327,21692.934032464327,31.472575008375635,"(1, 0, 1)"
Z1899001,2007-03-21,5802.588370689875,5802.588370689875,6.461226825240124,"(0, 0, 1)"
Z1899001,2007-03-22,15640.57994226957,15640.57994226957,21.797110635957807,"(0, 0, 1)"
Z1899001,2007-03-23,8700.184594497856,8700.184594497856,10.07897971712982,"(0, 0, 1)"
Z1899001,2007-03-26,13672.233987780593,13672.233987780593,12.059421116399003,"(0, 0, 1)"
Z1899001,2007-03-27,2965.8427494663556,2965.8427494663556,7.593447487830245,"(0, 0, 1)"
Z1899001,2007-03-28,1109.1978777891964,1109.1978777891964,4.80076663827284,"(0, 0, 1)"
Z1899001,2007-03-29,5330.417189004975,5330.417189004975,35.90765975230482,"(0, 0, 1)"
Z1899001,2007-03-30,8369.18462251292,8369.18462251292,72.70971496807981,"(0, 0, 1)"
Z1899001,2007-04-02,32234.646881509296,32234.646881509296,58.58999468763361,"(0, 0, 1)"
Z1899001,2007-04-03,1495.9421907944197,1495.9421907944197,2.047049430027766,"(0, 0, 1)"
Z1899001,2007-04-04,6322.703670952826,6322.703670952826,12.683113773436123,"(0, 0, 1)"
Z1899001,2007-04-05,48506.28746611581,48506.28746611581,33.402656353325156,"(0, 0, 1)"
Z1899001,2007-04-06,9285.492711143102,9285.492711143102,12.750899960358163,"(1, 0, 1)"
Z1899001,2007-04-09,9701.380811737617,9701.380811737617,17.253245472293532,"(1, 0, 1)"
Z1899001,2007-04-10,6890.000604949768,6890.000604949768,14.403680487739592,"(0, 0, 1)"
Z1899001,2007-04-11,4117.096789433999,4117.096789433999,11.925474004880666,"(0, 0, 1)"
Z1899001,2007-04-12,550.9791325679544,550.9791325679544,1.6449353023170514,"(1, 0, 1)"
Z1899001,2007-04-13,6801.369422569961,6801.369422569961,59.6647188889037,"(0, 0, 1)"
Z1899001,2007-04-16,287.99392912062467,287.99392912062467,1.309598878459336,"(0, 0, 1)"
Z1899001,2007-04-17,62.575853226961044,62.575853226961044,0.12635533688105102,"(0, 0, 1)"
Z1899001,2007-04-18,1978.771529014215,1978.771529014215,4.390380656126027,"(1, 0, 1)"
Z1899001,2007-04-19,1523.7498919848294,1523.7498919848294,2.4157028915548113,"(1, 0, 1)"
Z1899001,2007-04-20,843.7592922871409,843.7592922871409,0.8288655754636003,"(1, 0, 1)"
Z1899001,2007-04-24,3762.3432813280524,3762.3432813280524,4.703879969838153,"(1, 0, 1)"
Z1899001,2007-04-25,3160.129263627401,3160.129263627401,3.4893518675441424,"(1, 0, 1)"
Z1899001,2007-04-26,8124.966206869925,8124.966206869925,8.670097096841916,"(1, 0, 1)"
Z1899001,2007-04-27,6726.832575007094,6726.832575007094,15.46810196641426,"(1, 0, 1)"
Z1899001,2007-04-30,7427.40915295294,7427.40915295294,44.2205198554058,"(1, 0, 1)"
Z1899001,2007-05-01,12196.038181278243,12196.038181278243,66.1319314930917,"(1, 0, 1)"
Z1899001,2007-05-02,13670.753651254221,13670.753651254221,24.605555023700894,"(1, 0, 1)"
Z1899001,2007-05-03,14230.57513280453,14230.57513280453,25.714942320582637,"(1, 0, 1)"
Z1899001,2007-05-04,16855.180476256377,16855.180476256377,27.90481463002235,"(0, 0, 1)"
Z1899001,2007-05-07,20147.95301140583,20147.95301140583,25.164173430837486,"(0, 0, 1)"
Z1899001,2007-05-08,9360.514810349589,9360.514810349589,115.8516462611744,"(0, 0, 1)"
Z1899001,2007-05-09,22672.779508817624,22672.779508817624,199.99999999117884,"(0, 0, 1)"
Z1899001,2007-05-10,15732.495695848555,15732.495695848555,199.99999998728745,"(0, 0, 1)"
Z1899001,2007-05-11,14179.74736203438,14179.74736203438,199.99999998589539,"(0, 0, 1)"
Z1899001,2007-05-14,10856.205129753402,10856.205129753402,76.9294503398855,"(0, 0, 1)"
Z1899001,2007-05-15,1970.9356200543261,1970.9356200543261,6.350782437955922,"(0, 0, 1)"
Z1899001,2007-05-16,5427.413125408551,5427.413125408551,45.89276559013028,"(0, 0, 1)"
Z1899001,2007-05-17,6784.486417115229,6784.486417115229,14.160235385999732,"(0, 0, 1)"
Z1899001,2007-05-18,3371.692256225826,3371.692256225826,4.2768517391507945,"(0, 0, 1)"
Z1899001,2007-05-21,12727.29318447724,12727.29318447724,11.999934731632305,"(0, 0, 1)"
Z1899001,2007-05-22,4072.5030720603827,4072.5030720603827,5.539218915549737,"(0, 0, 1)"
Z1899001,2007-05-23,5523.032578653307,5523.032578653307,10.072733625420534,"(0, 0, 1)"
Z1899001,2007-05-24,5258.355158253631,5258.355158253631,8.689459839943279,"(0, 0, 1)"
Z1899001,2007-05-25,16267.305237951237,16267.305237951237,15.35356146002906,"(0, 0, 1)"
Z1899001,2007-05-28,6878.277744945692,6878.277744945692,32.060376721112306,"(0, 0, 1)"
Z1899001,2007-05-29,8113.098438648439,8113.098438648439,83.52436864529389,"(0, 0, 1)"
Z1899001,2007-05-30,12836.151760942019,12836.151760942019,199.999999984419,"(1, 0, 1)"
Z1899001,2007-05-31,12649.027638539017,12649.027638539017,199.99999998418852,"(0, 0, 1)"
Z1899001,2007-06-01,2527.2964623309526,2527.2964623309526,4.737524457640114,"(0, 0, 1)"
Z1899001,2007-06-04,8569.582577177702,8569.582577177702,10.295673773499422,"(0, 0, 1)"
Z1899001,2007-06-05,785.3708697535185,785.3708697535185,0.909544784893274,"(0, 0, 1)"
Z1899001,2007-06-06,9282.787977206972,9282.787977206972,31.77796985884913,"(0, 0, 1)"
Z1899001,2007-06-07,3603.37757695296,3603.37757695296,4.635959196378382,"(0, 0, 1)"
Z1899001,2007-06-08,7641.626490330862,7641.626490330862,15.84715390717258,"(0, 0, 1)"
Z1899001,2007-06-11,14736.621530942393,14736.621530942393,41.63086094240655,"(0, 0, 1)"
Z1899001,2007-06-12,252.80390975364207,252.80390975364207,1.2523475471878514,"(0, 0, 1)"
Z1899001,2007-06-13,6780.212272979115,6780.212272979115,25.73613572753625,"(0, 0, 1)"
Z1899001,2007-06-14,1859.0954934737128,1859.0954934737128,10.257334524427721,"(0, 0, 1)"
Z1899001,2007-06-15,418.8771488492057,418.8771488492057,1.8566787454370233,"(0, 0, 1)"
Z1899001,2007-06-18,4548.935308372493,4548.935308372493,7.669183402024676,"(0, 0, 1)"
Z1899001,2007-06-19,4915.585163488344,4915.585163488344,7.53371871897781,"(0, 0, 1)"
Z1899001,2007-06-20,11394.697332954856,11394.697332954856,24.323035683312746,"(0, 0, 1)"
Z1899001,2007-06-21,5558.450226361092,5558.450226361092,5.572424467484664,"(0, 0, 1)"
Z1899001,2007-06-22,1873.6523831446393,1873.6523831446393,1.939735810784039,"(0, 0, 1)"
Z1899001,2007-06-25,10034.839218882247,10034.839218882247,10.6541002297951,"(0, 0, 1)"
Z1899001,2007-06-26,3876.583410970983,3876.583410970983,4.3730709075736796,"(0, 0, 1)"
Z1899001,2007-06-27,2327.4910126422546,2327.4910126422546,10.303763933855564,"(0, 0, 1)"
Z1899001,2007-06-28,5827.821792413806,5827.821792413806,33.568296075231174,"(0, 0, 1)"
Z1899001,2007-06-29,6197.046146075179,6197.046146075179,34.97899820290514,"(0, 0, 1)"
Z1899001,2007-07-02,10834.7129322642,10834.7129322642,15.468737879586053,"(0, 0, 1)"
Z1899001,2007-07-03,2657.3143751034586,2657.3143751034586,5.779742825379929,"(0, 0, 1)"
Z1899001,2007-07-04,2991.717773943099,2991.717773943099,4.704392136694283,"(0, 0, 1)"
Z1899001,2007-07-05,20634.863422417533,20634.863422417533,18.13295638265352,"(0, 0, 1)"
Z1899001,2007-07-06,2059.5030447953613,2059.5030447953613,4.911735845951206,"(0, 0, 1)"
Z1899001,2007-07-09,4976.672049218811,4976.672049218811,20.76352753067719,"(0, 0, 1)"
Z1899001,2007-07-10,2574.9541560075486,2574.9541560075486,14.065005773355896,"(0, 0, 1)"
Z1899001,2007-07-11,3625.6456376988526,3625.6456376988526,52.1137458919607,"(0, 0, 1)"
Z1899001,2007-07-12,12202.258014634925,12202.258014634925,199.99999998360957,"(0, 0, 1)"
Z1899001,2007-07-13,438.4943273111294,438.4943273111294,3.9685448320283023,"(0, 0, 1)"
Z1899001,2007-07-16,2390.523275572097,2390.523275572097,9.44114760630062,"(0, 0, 1)"
Z1899001,2007-07-17,55.58799326590088,55.58799326590088,0.10380150028158845,"(0, 0, 1)"
Z1899001,2007-07-18,8460.036650363618,8460.036650363618,14.282154187661833,"(0, 0, 1)"
Z1899001,2007-07-19,3460.3928298543615,3460.3928298543615,5.083191840883426,"(0, 0, 1)"
Z1899001,2007-07-20,10690.269153263158,10690.269153263158,13.71248165648881,"(0, 0, 1)"
Z1899001,2007-07-23,5155.434607088842,5155.434607088842,5.350863260018751,"(0, 0, 1)"
Z1899001,2007-07-24,2580.9261433732754,2580.9261433732754,3.8007636302098873,"(1, 0, 1)"
Z1899001,2007-07-25,6862.335558243867,6862.335558243867,6.928584450271976,"(0, 0, 1)"
Z1899001,2007-07-26,8182.328635551472,8182.328635551472,7.606597750751305,"(1, 0, 1)"
Z1899001,2007-07-27,7429.928734363741,7429.928734363741,16.84601459469279,"(0, 0, 1)"
Z1899001,2007-07-30,10848.894600825244,10848.894600825244,70.53644178055846,"(1, 0, 1)"
Z1899001,2007-07-31,10080.694668091977,10080.694668091977,117.56388346235812,"(1, 0, 1)"
Z1899001,2007-08-01,919.6584343266259,919.6584343266259,2.9269682862906516,"(1, 0, 1)"
Z1899001,2007-08-02,541.5894618583552,541.5894618583552,1.1518083965866093,"(0, 0, 1)"
Z1899001,2007-08-03,3188.8913350444564,3188.8913350444564,8.031348229776249,"(1, 0, 1)"
Z1899001,2007-08-06,1724.471379888666,1724.471379888666,2.267184712932795,"(1, 0, 1)"
Z1899001,2007-08-07,911.8919967035217,911.8919967035217,4.606458295837011,"(0, 0, 1)"
Z1899001,2007-08-08,2389.2417320473687,2389.2417320473687,22.11159555173872,"(0, 0, 1)"
Z1899001,2007-08-09,3727.626694909668,3727.626694909668,42.42599027437832,"(0, 0, 1)"
Z1899001,2007-08-10,1025.5646221076513,1025.5646221076513,13.060827688030967,"(0, 0, 1)"
Z1899001,2007-08-13,2499.474119024864,2499.474119024864,14.886450127730102,"(1, 0, 1)"
Z1899001,2007-08-14,3648.9740273312345,3648.9740273312345,38.33162461276877,"(0, 0, 1)"
Z1899001,2007-08-15,6341.416284560197,6341.416284560197,66.96822085017345,"(0, 0, 1)"
Z1899001,2007-08-16,5235.347551388477,5235.347551388477,50.71867946594559,"(0, 0, 1)"
Z1899001,2007-08-17,1376.6142444225552,1376.6142444225552,2.3573496658307613,"(0, 0, 1)"
Z1899001,2007-08-20,11271.69243714861,11271.69243714861,14.165017033092013,"(0, 0, 1)"
Z1899001,2007-08-21,7201.439295273725,7201.439295273725,6.614150343329628,"(0, 0, 1)"
Z1899001,2007-08-22,1941.8496517953172,1941.8496517953172,2.7599135534064985,"(0, 0, 1)"
Z1899001,2007-08-23,8884.771681955244,8884.771681955244,11.196603086017307,"(0, 0, 1)"
Z1899001,2007-08-24,10668.840344259253,10668.840344259253,11.769191509264115,"(0, 0, 1)"
Z1899001,2007-08-27,6210.40337823001,6210.40337823001,6.775862794581675,"(0, 0, 1)"
Z1899001,2007-08-28,7603.142125615606,7603.142125615606,29.605440052218977,"(0, 0, 1)"
Z1899001,2007-08-29,1644.4091739125943,1644.4091739125943,8.626542467153469,"(0, 0, 1)"
Z1899001,2007-08-31,5038.224579715894,5038.224579715894,27.898517372893703,"(0, 0, 1)"
Z1899001,2007-09-03,5206.555973732364,5206.555973732364,5.658886502837088,"(0, 0, 1)"
Z1899001,2007-09-04,1179.006545726268,1179.006545726268,1.7237062980037887,"(1, 0, 1)"
Z1899001,2007-09-05,2972.1270111425256,2972.1270111425256,3.974285321746966,"(0, 0, 1)"
Z1899001,2007-09-06,8206.366163401064,8206.366163401064,21.21155740491884,"(1, 0, 1)"
Z1899001,2007-09-07,6190.567734785014,6190.567734785014,13.566796456291549,"(0, 0, 1)"
Z1899001,2007-09-10,8728.76891008822,8728.76891008822,15.985472590016474,"(0, 0, 1)"
Z1899001,2007-09-11,6593.464530129808,6593.464530129808,32.44538626907514,"(1, 0, 1)"
Z1899001,2007-09-12,1835.3882792989316,1835.3882792989316,8.797629042258249,"(1, 0, 1)"
Z1899001,2007-09-13,5854.808834518421,5854.808834518421,108.57125746113996,"(1, 0, 1)"
Z1899001,2007-09-14,586.7548941072055,586.7548941072055,7.072213907856624,"(0, 0, 1)"
Z1899001,2007-09-17,2577.823908849852,2577.823908849852,4.909774934604753,"(1, 0, 1)"
Z1899001,2007-09-18,5082.861959308786,5082.861959308786,8.454326313335088,"(0, 0, 1)"
Z1899001,2007-09-19,7605.653757974593,7605.653757974593,8.49339846985926,"(1, 0, 1)"
Z1899001,2007-09-20,3698.7067303122894,3698.7067303122894,5.050507801775482,"(0, 0, 1)"
Z1899001,2007-09-21,8342.14933200115,8342.14933200115,7.9601477833618075,"(0, 0, 1)"
Z1899001,2007-09-24,433.11130927619524,433.11130927619524,0.48426653520317353,"(1, 0, 1)"
Z1899001,2007-09-25,15385.559011597841,15385.559011597841,13.566648529505866,"(1, 0, 1)"
Z1899001,2007-09-26,5896.3233744198515,5896.3233744198515,4.597815698816911,"(1, 0, 1)"
Z1899001,2007-09-27,9239.017792474435,9239.017792474435,19.578541943913386,"(0, 0, 1)"
Z1899001,2007-09-28,2264.8967961835187,2264.8967961835187,8.458224855743278,"(1, 0, 1)"
Z1899001,2007-10-01,5529.1177812345195,5529.1177812345195,11.227875537396402,"(0, 0, 1)"
Z1899001,2007-10-02,1837.2628064973178,1837.2628064973178,3.284425736547777,"(0, 0, 1)"
Z1899001,2007-10-03,4605.770744315581,4605.770744315581,7.297671017764823,"(1, 0, 1)"
Z1899001,2007-10-04,7321.7738185706985,7321.7738185706985,9.422027259500993,"(1, 0, 1)"
Z1899001,2007-10-05,13753.29599434945,13753.29599434945,10.857292221957161,"(0, 0, 1)"
Z1899001,2007-10-08,3738.6348513548437,3738.6348513548437,5.968035098731184,"(1, 0, 1)"
Z1899001,2007-10-09,7309.50523564604,7309.50523564604,20.14456497583557,"(1, 0, 1)"
Z1899001,2007-10-10,1001.4851442793042,1001.4851442793042,3.716877879978925,"(1, 0, 1)"
Z1899001,2007-10-11,2473.474220496526,2473.474220496526,11.688427124634408,"(1, 0, 1)"
Z1899001,2007-10-15,4189.534723077919,4189.534723077919,24.31502122382569,"(1, 0, 1)"
Z1899001,2007-10-16,5780.571611169011,5780.571611169011,46.80733108422001,"(1, 0, 1)"
Z1899001,2007-10-17,3729.9577248447895,3729.9577248447895,6.526612606089171,"(1, 0, 1)"
Z1899001,2007-10-18,5765.6247934079,5765.6247934079,9.565879812297208,"(1, 0, 1)"
Z1899001,2007-10-19,6763.4065055948595,6763.4065055948595,8.394625154822723,"(1, 0, 1)"
Z1899001,2007-10-22,2704.7921741802566,2704.7921741802566,2.9023743220831695,"(1, 0, 1)"
Z1899001,2007-10-23,1821.8946689467557,1821.8946689467557,2.142373440138637,"(1, 0, 1)"
Z1899001,2007-10-24,4927.945778064692,4927.945778064692,5.733905022518335,"(1, 0, 1)"
Z1899001,2007-10-25,14758.937780502209,14758.937780502209,14.100375362533223,"(1, 0, 1)"
Z1899001,2007-10-26,9384.746392395507,9384.746392395507,9.319729461583051,"(0, 0, 1)"
Z1899001,2007-10-30,11560.828762790774,11560.828762790774,47.24410703622632,"(1, 0, 1)"
Z1899001,2007-10-31,8341.641209116562,8341.641209116562,113.35015441689912,"(1, 0, 1)"
Z1899001,2007-11-01,2651.484940808339,2651.484940808339,7.8864556400054795,"(1, 0, 1)"
Z1899001,2007-11-02,5061.400626318609,5061.400626318609,7.812696364313163,"(1, 0, 1)"
Z1899001,2007-11-05,5180.628719061206,5180.628719061206,3.9903267834967266,"(1, 0, 1)"
Z1899001,2007-11-06,1655.8312288304733,1655.8312288304733,3.343284284458504,"(1, 0, 1)"
Z1899001,2007-11-07,883.4642692066554,883.4642692066554,1.5268136449779564,"(0, 0, 1)"
Z1899001,2007-11-08,1323.8239894213766,1323.8239894213766,5.985573346351626,"(0, 0, 1)"
Z1899001,2007-11-09,4364.653885096977,4364.653885096977,19.28474764744392,"(0, 0, 1)"
Z1899001,2007-11-12,33.39628629680374,33.39628629680374,0.20436239859065083,"(1, 0, 1)"
Z1899001,2007-11-13,9293.916484505999,9293.916484505999,117.3764520100688,"(0, 0, 1)"
Z1899001,2007-11-14,7006.87887833022,7006.87887833022,98.52800686850901,"(0, 0, 1)"
Z1899001,2007-11-15,3810.215028028295,3810.215028028295,32.059314229058764,"(0, 0, 1)"
Z1899001,2007-11-16,209.07784480048576,209.07784480048576,0.5937946803273424,"(1, 0, 1)"
Z1899001,2007-11-19,10654.818306306857,10654.818306306857,22.618136929486642,"(0, 0, 1)"
Z1899001,2007-11-20,3047.5491380562016,3047.5491380562016,6.459241171009,"(0, 0, 1)"
Z1899001,2007-11-21,4565.567613278719,4565.567613278719,4.246952086127742,"(0, 0, 1)"
Z1899001,2007-11-22,2949.5457970556017,2949.5457970556017,3.490802680279811,"(0, 0, 1)"
Z1899001,2007-11-23,5234.918563585277,5234.918563585277,5.628185751227836,"(0, 0, 1)"
Z1899001,2007-11-26,23568.319548888656,23568.319548888656,16.358840909033756,"(0, 0, 1)"
Z1899001,2007-11-27,3773.0675571848915,3773.0675571848915,8.08170419127277,"(0, 0, 1)"
Z1899001,2007-11-28,5626.413360541606,5626.413360541606,30.06880882154105,"(0, 0, 1)"
Z1899001,2007-11-29,12520.067122270479,12520.067122270479,134.4802605230954,"(0, 0, 1)"
Z1899001,2007-11-30,8206.780668201207,8206.780668201207,86.37253009058979,"(0, 0, 1)"
Z1899001,2007-12-03,17168.23221411019,17168.23221411019,18.014156067231184,"(0, 0, 1)"
Z1899001,2007-12-04,270.1324932365824,270.1324932365824,0.4535844055914443,"(0, 0, 1)"
Z1899001,2007-12-05,12339.482885712277,12339.482885712277,14.229886517042006,"(0, 0, 1)"
Z1899001,2007-12-06,7235.480820794983,7235.480820794983,15.821227321577403,"(0, 0, 1)"
Z1899001,2007-12-07,5319.4252662258,5319.4252662258,13.834759486799225,"(0, 0, 1)"
Z1899001,2007-12-10,748.048696817863,748.048696817863,7.472285647419513,"(0, 0, 1)"
Z1899001,2007-12-11,2819.780286199839,2819.780286199839,15.99865367656659,"(1, 0, 1)"
Z1899001,2007-12-12,2640.004479016482,2640.004479016482,30.171487480669406,"(0, 0, 1)"
Z1899001,2007-12-13,2199.6381642581946,2199.6381642581946,10.639213603113568,"(0, 0, 1)"
Z1899001,2007-12-14,2184.2082643511385,2184.2082643511385,2.7541142603027113,"(1, 0, 1)"
Z1899001,2007-12-17,36652.75864028814,36652.75864028814,23.58021351441409,"(0, 0, 1)"
Z1899001,2007-12-18,49048.27512226772,49048.27512226772,29.988698901239946,"(0, 0, 1)"
Z1899001,2007-12-19,38302.62649518423,38302.62649518423,20.549315356351084,"(1, 0, 1)"
Z1899001,2007-12-24,28518.928743065757,28518.928743065757,33.44957530887403,"(0, 0, 1)"
Z1899001,2007-12-25,12586.042117501609,12586.042117501609,42.65445860231294,"(0, 0, 1)"
Z1899001,2007-12-26,2558.806233444,2558.806233444,9.466750791154675,"(0, 0, 1)"
Z1899001,2007-12-27,4297.465518937108,4297.465518937108,26.620023899265036,"(0, 0, 1)"
Z1899001,2007-12-28,2525.8168061639117,2525.8168061639117,14.15982607947865,"(0, 0, 1)"
Z1899001,2007-12-31,20954.52426374468,20954.52426374468,86.99421357474505,"(0, 0, 1)"
Z1899001,2008-01-02,40418.9985286443,40418.9985286443,100.65619351679271,"(0, 0, 1)"
Z1899001,2008-01-03,13066.044856944107,13066.044856944107,21.611763554281815,"(0, 0, 1)"
Z1899001,2008-01-04,1794.4781969052856,1794.4781969052856,2.6536600590807224,"(0, 0, 1)"
Z1899001,2008-01-07,6146.193187554192,6146.193187554192,4.461946537851696,"(0, 0, 1)"
Z1899001,2008-01-08,6300.792931823824,6300.792931823824,13.964400637556897,"(0, 0, 1)"
Z1899001,2008-01-09,8966.46571327628,8966.46571327628,31.223799212345675,"(0, 0, 1)"
Z1899001,2008-01-10,7796.921107059143,7796.921107059143,47.16391435939747,"(0, 0, 1)"
Z1899001,2008-01-11,7513.969477854374,7513.969477854374,199.9999999733829,"(0, 0, 1)"
Z1899001,2008-01-14,8421.652129314652,8421.652129314652,199.99999997625167,"(0, 0, 1)"
Z1899001,2008-01-15,8437.121505999188,8437.121505999188,28.087635673477582,"(0, 0, 1)"
Z1899001,2008-01-16,10908.266138834117,10908.266138834117,131.80813840619246,"(0, 0, 1)"
Z1899001,2008-01-17,12392.447050240495,12392.447050240495,21.19409566452892,"(0, 0, 1)"
Z1899001,2008-01-18,2223.3194623598247,2223.3194623598247,2.685276760638607,"(0, 0, 1)"
Z1899001,2008-01-21,19248.185303554317,19248.185303554317,14.799362618581123,"(0, 0, 1)"
Z1899001,2008-01-22,10653.549670558496,10653.549670558496,11.358119390790232,"(0, 0, 1)"
Z1899001,2008-01-23,8840.548673950601,8840.548673950601,11.340539494068203,"(0, 0, 1)"
Z1899001,2008-01-24,7001.280551025557,7001.280551025557,8.388721351611506,"(0, 0, 1)"
Z1899001,2008-01-25,28490.39078178222,28490.39078178222,19.00819156150519,"(0, 0, 1)"
Z1899001,2008-01-28,11219.07823669241,11219.07823669241,16.748757824230374,"(0, 0, 1)"
Z1899001,2008-01-29,2607.2388092443543,2607.2388092443543,11.035286588497812,"(0, 0, 1)"
Z1899001,2008-01-30,4435.585483858917,4435.585483858917,31.453129304727902,"(0, 0, 1)"
Z1899001,2008-01-31,10947.941502845822,10947.941502845822,154.39143061313305,"(0, 0, 1)"
Z1899001,2008-02-01,3241.587912357827,3241.587912357827,5.864920114769066,"(0, 0, 1)"
Z1899001,2008-02-04,24129.667262630755,24129.667262630755,23.67049896292934,"(0, 0, 1)"
Z1899001,2008-02-05,12701.395640001108,12701.395640001108,11.544172867521523,"(0, 0, 1)"
Z1899001,2008-02-06,8963.3101297084,8963.3101297084,25.50985605498485,"(0, 0, 1)"
Z1899001,2008-02-07,14962.594730436991,14962.594730436991,29.572509273326574,"(0, 0, 1)"
Z1899001,2008-02-08,7813.750472345011,7813.750472345011,40.50018111525635,"(0, 0, 1)"
Z1899001,2008-02-11,3453.529005808996,3453.529005808996,25.775998686011892,"(0, 0, 1)"
Z1899001,2008-02-12,3680.2993516674287,3680.2993516674287,15.751435598892474,"(0, 0, 1)"
Z1899001,2008-02-13,1142.5436881318165,1142.5436881318165,5.6481241890059755,"(0, 0, 1)"
Z1899001,2008-02-14,6160.092586436585,6160.092586436585,51.635511231503266,"(0, 0, 1)"
Z1899001,2008-02-15,5742.666929564097,5742.666929564097,18.877104569126928,"(0, 0, 1)"
Z1899001,2008-02-18,7017.661523582676,7017.661523582676,19.976928839646177,"(0, 0, 1)"
Z1899001,2008-02-19,14996.064581072493,14996.064581072493,199.99999998666317,"(0, 0, 1)"
Z1899001,2008-02-20,11873.434352673925,11873.434352673925,19.73422335437801,"(0, 0, 1)"
Z1899001,2008-02-21,2494.51935795552,2494.51935795552,2.0901270113998778,"(0, 0, 1)"
Z1899001,2008-02-22,6682.8627410657355,6682.8627410657355,5.726461674509099,"(1, 0, 1)"
Z1899001,2008-02-25,12616.064544880617,12616.064544880617,9.862698255716372,"(1, 0, 1)"
