Date,MAE,RMSE,SMAPE,Residual
2006-05-26,25367.347667811147,25367.347667811147,11.035215365971297,25367.347667811147
2006-05-27,10625.795414701017,10625.795414701017,11.452938336906472,-10625.795414701017
2006-05-28,28790.622446300637,28790.622446300637,59.66311627991,-28790.622446300637
2006-05-29,11262.070677370415,11262.070677370415,12.532763099071584,-11262.070677370415
2006-05-30,18884.299033959018,18884.299033959018,35.119107574444214,-18884.299033959018
2006-05-31,22182.559786054393,22182.559786054393,40.581852143722095,-22182.559786054393
2006-06-01,24324.613303993174,24324.613303993174,27.41181609104839,24324.613303993174
2006-06-02,18955.43671600768,18955.43671600768,15.693888588884588,18955.43671600768
2006-06-03,48394.787888087594,48394.787888087594,42.92882918369354,48394.787888087594
2006-06-04,1896.2846218706109,1896.2846218706109,3.407633288592234,-1896.2846218706109
2006-06-05,51104.609628651204,51104.609628651204,21.913775009852454,51104.609628651204
2006-06-06,16729.02760693617,16729.02760693617,14.72178394309776,-16729.02760693617
2006-06-07,7767.695357444507,7767.695357444507,6.139555884329213,-7767.695357444507
2006-06-08,17872.611901375552,17872.611901375552,33.15495578147202,-17872.611901375552
2006-06-09,11093.461751219831,11093.461751219831,20.548496957113635,-11093.461751219831
2006-06-10,58092.58016999271,58092.58016999271,88.07739200481129,-58092.58016999271
2006-06-11,49373.26406729467,49373.26406729467,145.87349198647632,-49373.26406729467
2006-06-12,75000.39575336727,75000.39575336727,89.52043281607021,-75000.39575336727
2006-06-13,46792.243635964376,46792.243635964376,89.5783262758535,-46792.243635964376
2006-06-14,25154.723865550972,25154.723865550972,53.86754802501086,-25154.723865550972
2006-06-15,20303.667349031806,20303.667349031806,22.73600273767488,-20303.667349031806
2006-06-16,23629.20376508287,23629.20376508287,18.461093997360145,-23629.20376508287
2006-06-17,11311.874827662017,11311.874827662017,10.292031031375123,11311.874827662017
2006-06-18,6734.171625625444,6734.171625625444,9.541583572161189,-6734.171625625444
2006-06-19,2949.0109228466754,2949.0109228466754,1.7819388713990192,-2949.0109228466754
2006-06-20,13551.844745523384,13551.844745523384,10.115134499927558,-13551.844745523384
2006-06-21,1246.8389129578718,1246.8389129578718,0.5182563768420553,-1246.8389129578718
2006-06-22,22968.816277975362,22968.816277975362,12.032765833211458,22968.816277975362
2006-06-23,3621.341102501261,3621.341102501261,1.9608132518848191,-3621.341102501261
2006-06-24,59907.0250339701,59907.0250339701,47.20192484210325,59907.0250339701
2006-06-25,20786.774789784424,20786.774789784424,34.84592526520008,-20786.774789784424
2006-06-26,44709.71076455145,44709.71076455145,19.103028536472177,44709.71076455145
2006-06-27,34778.618768037006,34778.618768037006,24.15193442024719,-34778.618768037006
2006-06-28,7606.683958824724,7606.683958824724,8.428146583823876,-7606.683958824724
2006-06-29,12148.897287285268,12148.897287285268,22.351247396391756,-12148.897287285268
2006-06-30,4241.442225252264,4241.442225252264,8.150237226868871,-4241.442225252264
2006-07-01,35213.024043963436,35213.024043963436,45.420622088582036,-35213.024043963436
2006-07-02,15930.576417830867,15930.576417830867,34.89316800484022,-15930.576417830867
2006-07-03,19145.22809812409,19145.22809812409,12.788432565643996,19145.22809812409
2006-07-04,8868.435691937397,8868.435691937397,5.756697749622482,-8868.435691937397
2006-07-05,22281.409525780473,22281.409525780473,8.421926135501868,22281.409525780473
2006-07-06,12130.263818957217,12130.263818957217,10.851896139092505,-12130.263818957217
2006-07-07,21606.40225525602,21606.40225525602,16.94577239172879,-21606.40225525602
2006-07-08,30478.589240440153,30478.589240440153,39.624114327782884,-30478.589240440153
2006-07-09,17419.08589037729,17419.08589037729,41.395615710624014,-17419.08589037729
2006-07-10,15871.498713829846,15871.498713829846,22.390253129603938,-15871.498713829846
2006-07-11,6335.209935445462,6335.209935445462,10.730804440507153,-6335.209935445462
2006-07-12,5154.653913751805,5154.653913751805,9.665095746436371,5154.653913751805
2006-07-13,5095.284276919396,5095.284276919396,10.993621340429058,-5095.284276919396
2006-07-14,11174.381257352463,11174.381257352463,24.894365409925427,-11174.381257352463
2006-07-15,17372.657549195443,17372.657549195443,19.01900516602423,17372.657549195443
2006-07-16,3401.030297565623,3401.030297565623,7.830969275668241,-3401.030297565623
2006-07-17,6804.917935897945,6804.917935897945,3.3324368228915526,-6804.917935897945
2006-07-18,4461.416287773231,4461.416287773231,3.2801948821952087,-4461.416287773231
2006-07-19,3180.420943179939,3180.420943179939,2.5971055667242853,-3180.420943179939
2006-07-20,8952.972924318514,8952.972924318514,9.310155790840028,8952.972924318514
2006-07-21,6156.946690639888,6156.946690639888,2.1372237095994526,6156.946690639888
2006-07-22,1691.2223375732574,1691.2223375732574,2.1170874088385623,1691.2223375732574
2006-07-23,46971.787308937164,46971.787308937164,66.92653045646115,46971.787308937164
2006-07-24,8434.886342146143,8434.886342146143,4.154040940864679,8434.886342146143
2006-07-25,10870.040800129296,10870.040800129296,4.213112125986589,-10870.040800129296
2006-07-26,30478.088277524803,30478.088277524803,13.131958617011783,30478.088277524803
2006-07-27,261.42798847505765,261.42798847505765,0.24824780263038954,261.42798847505765
2006-07-28,4054.3821889433602,4054.3821889433602,4.779825428156879,4054.3821889433602
2006-07-29,42092.42450203102,42092.42450203102,65.36475210367242,-42092.42450203102
2006-07-30,11712.43011111558,11712.43011111558,38.77490142201896,-11712.43011111558
2006-07-31,403.9209068664204,403.9209068664204,1.2693149671199535,-403.9209068664204
2006-08-01,26608.12430646029,26608.12430646029,200.0,26608.12430646029
2006-08-02,4776.096163167371,4776.096163167371,8.169580396207802,4776.096163167371
2006-08-03,8223.569363002607,8223.569363002607,4.153565074453323,8223.569363002607
2006-08-04,28848.47408987215,28848.47408987215,14.779367734730242,-28848.47408987215
2006-08-05,70721.25518210794,70721.25518210794,71.58791827257693,70721.25518210794
2006-08-06,47574.46173979286,47574.46173979286,200.0,-47574.46173979286
2006-08-07,289.09786522017384,289.09786522017384,0.28859412725148104,-289.09786522017384
2006-08-08,9660.839161926197,9660.839161926197,10.958249980938508,-9660.839161926197
2006-08-09,4927.854695227659,4927.854695227659,11.203215922848097,4927.854695227659
2006-08-10,14335.921391023629,14335.921391023629,35.50952995686273,14335.921391023629
2006-08-11,6121.290597462736,6121.290597462736,9.730134810087817,-6121.290597462736
2006-08-12,30677.68000704082,30677.68000704082,59.708782847060824,-30677.68000704082
2006-08-13,12874.086060454472,12874.086060454472,45.19926099708313,12874.086060454472
2006-08-14,27003.669004445183,27003.669004445183,22.37845325073958,27003.669004445183
2006-08-15,23027.954591600166,23027.954591600166,15.011115069453993,23027.954591600166
2006-08-16,17080.652961862143,17080.652961862143,17.726854690117154,17080.652961862143
2006-08-17,5340.028459425725,5340.028459425725,2.67603549998391,5340.028459425725
2006-08-18,23386.517081321683,23386.517081321683,14.311272714449053,-23386.517081321683
2006-08-19,46257.65715076991,46257.65715076991,49.58417441263337,46257.65715076991
2006-08-20,49428.579444259,49428.579444259,99.01417501699758,49428.579444259
2006-08-21,24168.539108632773,24168.539108632773,10.601829959872546,24168.539108632773
2006-08-22,15054.644104831154,15054.644104831154,6.9905420263198765,-15054.644104831154
2006-08-23,24995.239042651752,24995.239042651752,13.79332140812092,-24995.239042651752
2006-08-24,34604.56503850181,34604.56503850181,22.698620490731006,-34604.56503850181
2006-08-25,2153.6061620425317,2153.6061620425317,0.7101592248425673,-2153.6061620425317
2006-08-26,59418.328468569394,59418.328468569394,50.29874552518333,59418.328468569394
2006-08-27,8973.194300870731,8973.194300870731,18.46207009135598,8973.194300870731
2006-08-28,9481.776774479833,9481.776774479833,6.401021832404656,9481.776774479833
2006-08-29,3481.9281897282635,3481.9281897282635,4.248894634659205,3481.9281897282635
2006-08-30,118117.38308868853,118117.38308868853,200.0,118117.38308868853
2006-08-31,30549.533333467145,30549.533333467145,78.35175817581556,30549.533333467145
2006-09-01,45733.51510398,45733.51510398,23.662802927467407,-45733.51510398
2006-09-02,34655.38448736734,34655.38448736734,26.89751921621289,34655.38448736734
2006-09-03,24835.94013217224,24835.94013217224,34.53370570575095,-24835.94013217224
2006-09-04,9919.12039365439,9919.12039365439,5.099292011362557,-9919.12039365439
2006-09-05,9691.805240302754,9691.805240302754,4.129340222000295,-9691.805240302754
2006-09-06,34376.202774059595,34376.202774059595,35.73851887952427,-34376.202774059595
2006-09-07,22270.209641703637,22270.209641703637,20.268658380817538,-22270.209641703637
2006-09-08,7107.661617696649,7107.661617696649,10.806215071086418,-7107.661617696649
2006-09-09,58301.277932328594,58301.277932328594,75.61711383210998,-58301.277932328594
2006-09-10,32742.93472821085,32742.93472821085,88.5866743483476,-32742.93472821085
2006-09-11,13827.934388628652,13827.934388628652,20.050955522420534,-13827.934388628652
2006-09-12,14452.719119162794,14452.719119162794,22.506288457154337,-14452.719119162794
2006-09-13,2093.207134129945,2093.207134129945,4.9959122838518475,2093.207134129945
2006-09-14,22346.953200731223,22346.953200731223,110.2381540853228,22346.953200731223
2006-09-15,6184.444291076492,6184.444291076492,7.906193644238803,6184.444291076492
2006-09-16,11725.382820659433,11725.382820659433,13.192774406337287,11725.382820659433
2006-09-17,65320.550040214235,65320.550040214235,92.50273233920244,65320.550040214235
2006-09-18,9926.026396151923,9926.026396151923,6.530624807929855,9926.026396151923
2006-09-19,10593.084915084124,10593.084915084124,6.7814604615318155,-10593.084915084124
2006-09-20,18714.205351645563,18714.205351645563,15.207123025472423,-18714.205351645563
2006-09-21,14140.543459523411,14140.543459523411,5.584187435451722,14140.543459523411
2006-09-22,45007.35789103946,45007.35789103946,16.536710977560745,45007.35789103946
2006-09-23,49090.91084867917,49090.91084867917,39.29644972125338,49090.91084867917
2006-09-24,24567.188461070007,24567.188461070007,33.673792180360266,24567.188461070007
2006-09-25,11638.493308665522,11638.493308665522,4.935104155651185,11638.493308665522
2006-09-26,19723.9956688697,19723.9956688697,7.809380246013937,19723.9956688697
2006-09-27,16973.913070110735,16973.913070110735,16.611458270802956,-16973.913070110735
2006-09-28,1026.299484057352,1026.299484057352,1.3107800386297985,1026.299484057352
2006-09-29,7957.7971228058595,7957.7971228058595,15.101301435132733,7957.7971228058595
2006-09-30,37640.34070208541,37640.34070208541,51.85679184886654,-37640.34070208541
2006-10-01,9579.44002255975,9579.44002255975,14.660849363078142,9579.44002255975
2006-10-02,21752.195412237852,21752.195412237852,19.206202449850647,-21752.195412237852
2006-10-03,21099.570362832514,21099.570362832514,14.900849133210162,-21099.570362832514
2006-10-04,13711.497265287093,13711.497265287093,6.922000880899065,-13711.497265287093
2006-10-05,57649.550066965865,57649.550066965865,19.32051095138338,57649.550066965865
2006-10-06,9987.67171544538,9987.67171544538,11.053954290521377,-9987.67171544538
2006-10-07,19398.064410524472,19398.064410524472,20.802429742997163,-19398.064410524472
2006-10-08,51219.712813569575,51219.712813569575,135.18054083835972,-51219.712813569575
2006-10-09,10417.20277490039,10417.20277490039,12.47142009068229,-10417.20277490039
2006-10-10,16707.99362374647,16707.99362374647,25.19527464336907,-16707.99362374647
2006-10-11,18775.04574090703,18775.04574090703,33.81214354674073,-18775.04574090703
2006-10-12,157.92358988357591,157.92358988357591,0.4781367057918275,-157.92358988357591
2006-10-13,30676.94964202201,30676.94964202201,53.6652989309642,-30676.94964202201
2006-10-14,69402.81016972281,69402.81016972281,91.21578301973369,-69402.81016972281
2006-10-15,15654.909546927396,15654.909546927396,30.976846018663178,-15654.909546927396
2006-10-16,4112.241551313273,4112.241551313273,4.520629786395977,-4112.241551313273
2006-10-17,54474.4789346086,54474.4789346086,26.789485296600763,54474.4789346086
2006-10-18,26167.18479346225,26167.18479346225,16.93927584117934,26167.18479346225
2006-10-19,36447.26225485752,36447.26225485752,19.291781487337424,36447.26225485752
2006-10-20,77751.38930377283,77751.38930377283,25.96262447737992,77751.38930377283
2006-10-21,97818.6215060662,97818.6215060662,67.64273237022682,97818.6215060662
2006-10-22,86101.69962643896,86101.69962643896,98.9002298342134,86101.69962643896
2006-10-23,64302.477800453926,64302.477800453926,200.0,64302.477800453926
2006-10-24,50885.075583754486,50885.075583754486,200.0,50885.075583754486
2006-10-25,54679.84460492396,54679.84460492396,197.68507233727303,54679.84460492396
2006-10-26,8842.526170091267,8842.526170091267,6.805017867422064,-8842.526170091267
2006-10-27,9052.427179958162,9052.427179958162,11.579875551221543,9052.427179958162
2006-10-28,55147.334517796,55147.334517796,64.44428091523885,-55147.334517796
2006-10-29,44332.451864504954,44332.451864504954,97.63518318093728,-44332.451864504954
2006-10-30,6306.366925822054,6306.366925822054,10.449104030605975,-6306.366925822054
2006-10-31,21829.891747149595,21829.891747149595,56.29880406091431,21829.891747149595
2006-11-01,24926.816605228596,24926.816605228596,23.684919566225606,-24926.816605228596
2006-11-02,2875.6410641223774,2875.6410641223774,1.8425071488881894,2875.6410641223774
2006-11-03,3459.2948717392283,3459.2948717392283,2.5050952564790516,3459.2948717392283
2006-11-04,39824.205098404374,39824.205098404374,33.34023113701813,39824.205098404374
2006-11-05,43229.27078493417,43229.27078493417,47.81715219290443,43229.27078493417
2006-11-06,71114.05381450697,71114.05381450697,35.69408740072297,-71114.05381450697
2006-11-07,31283.443418823823,31283.443418823823,32.37891212342423,-31283.443418823823
2006-11-08,25745.123877380072,25745.123877380072,36.761647960156914,-25745.123877380072
2006-11-09,9695.70624337763,9695.70624337763,26.22739873874152,-9695.70624337763
2006-11-10,19017.177223008955,19017.177223008955,31.454881200105017,-19017.177223008955
2006-11-11,75855.22431893463,75855.22431893463,106.66165808385712,-75855.22431893463
2006-11-12,42267.189494342085,42267.189494342085,108.72981973816047,-42267.189494342085
2006-11-13,401.7686233948916,401.7686233948916,0.9422536488136202,401.7686233948916
2006-11-14,28400.914205724344,28400.914205724344,52.83846079927015,-28400.914205724344
2006-11-15,15738.494412557367,15738.494412557367,21.293917079267448,15738.494412557367
2006-11-16,4729.2148670430615,4729.2148670430615,11.050959807002718,-4729.2148670430615
2006-11-17,21237.672367811843,21237.672367811843,10.196636113750575,21237.672367811843
2006-11-18,7773.4181735388265,7773.4181735388265,7.9955580359126674,-7773.4181735388265
2006-11-19,7773.33965761579,7773.33965761579,12.602010358458507,7773.33965761579
2006-11-20,5627.833826836606,5627.833826836606,3.6229387578216525,-5627.833826836606
2006-11-21,624.8666603328893,624.8666603328893,0.21640970920902958,-624.8666603328893
2006-11-22,23693.65145688533,23693.65145688533,11.036892955952695,-23693.65145688533
2006-11-23,69713.32810951897,69713.32810951897,30.380590747980158,-69713.32810951897
2006-11-24,30930.261316987395,30930.261316987395,12.326257291790341,30930.261316987395
2006-11-25,61982.59176610403,61982.59176610403,55.24358971338721,61982.59176610403
2006-11-26,118728.55153441518,118728.55153441518,106.48708939413794,118728.55153441518
2006-11-27,71061.19898402289,71061.19898402289,25.25458468378726,71061.19898402289
2006-11-28,9806.774558166973,9806.774558166973,6.31486700601173,9806.774558166973
2006-11-29,10288.474128268004,10288.474128268004,8.901277881480722,-10288.474128268004
2006-11-30,29745.64903779718,29745.64903779718,42.96816796449763,29745.64903779718
2006-12-01,97468.79364568839,97468.79364568839,40.85895623457493,-97468.79364568839
2006-12-02,80516.9494858844,80516.9494858844,56.759426004535115,80516.9494858844
2006-12-03,113350.07211389308,113350.07211389308,200.0,-113350.07211389308
2006-12-04,49559.71236161067,49559.71236161067,23.606591602743993,49559.71236161067
2006-12-05,33472.53367217019,33472.53367217019,10.419911176856619,-33472.53367217019
2006-12-06,19545.777532785374,19545.777532785374,13.460084499957242,-19545.777532785374
2006-12-07,21854.94598478198,21854.94598478198,15.657932126320553,-21854.94598478198
2006-12-08,13257.509036487114,13257.509036487114,14.193004825792647,-13257.509036487114
2006-12-09,108043.73498160281,108043.73498160281,200.0,-108043.73498160281
2006-12-10,63380.10679495082,63380.10679495082,200.0,-63380.10679495082
2006-12-11,8385.479284695815,8385.479284695815,52.254896460860515,8385.479284695815
2006-12-12,22986.096253666183,22986.096253666183,200.0,22986.096253666183
2006-12-13,3591.62511956814,3591.62511956814,56.43493616910629,3591.62511956814
2006-12-14,9916.739523712517,9916.739523712517,158.37312563273187,9916.739523712517
2006-12-15,17966.282042441504,17966.282042441504,36.5963180776628,-17966.282042441504
2006-12-16,75579.61294349418,75579.61294349418,108.20303843513825,-75579.61294349418
2006-12-17,2004.756276449698,2004.756276449698,3.8543830299817916,-2004.756276449698
2006-12-18,9879.355267841078,9879.355267841078,10.9832025280272,-9879.355267841078
2006-12-19,2813.599570030201,2813.599570030201,4.217228013178996,-2813.599570030201
2006-12-20,9321.491104694316,9321.491104694316,18.16727061236948,9321.491104694316
2006-12-21,2637.237164816819,2637.237164816819,2.3008802561345654,-2637.237164816819
2006-12-22,10015.40411975309,10015.40411975309,8.202778554211895,-10015.40411975309
2006-12-23,22215.077995858555,22215.077995858555,30.194827919693086,22215.077995858555
2006-12-24,29554.30890027432,29554.30890027432,74.21445778722389,29554.30890027432
2006-12-25,5095.92389344197,5095.92389344197,3.6663423062323752,5095.92389344197
2006-12-26,16453.43519829832,16453.43519829832,13.207836288165383,16453.43519829832
2006-12-27,3564.0058854384697,3564.0058854384697,7.564001247985461,3564.0058854384697
2006-12-28,8729.969253611052,8729.969253611052,23.940670706609588,8729.969253611052
2006-12-29,127814.6719625871,127814.6719625871,120.67398672598877,-127814.6719625871
2006-12-30,65617.87861906353,65617.87861906353,77.21663644218188,-65617.87861906353
2006-12-31,46433.68237251345,46433.68237251345,145.34670924676223,-46433.68237251345
2007-01-01,161662.16673927952,161662.16673927952,169.20696420598802,-161662.16673927952
2007-01-02,31264.855178108584,31264.855178108584,68.81616685972774,-31264.855178108584
2007-01-03,21377.993438738806,21377.993438738806,58.31581699409515,-21377.993438738806
2007-01-04,39928.72301055839,39928.72301055839,43.24830668693574,-39928.72301055839
2007-01-05,17020.504319063446,17020.504319063446,10.052255475633777,-17020.504319063446
2007-01-06,78605.38413371853,78605.38413371853,95.82202187105189,-78605.38413371853
2007-01-07,40598.63408405299,40598.63408405299,80.47410047242572,-40598.63408405299
2007-01-08,32203.8518899036,32203.8518899036,51.09944103903287,-32203.8518899036
2007-01-09,21599.359028966894,21599.359028966894,85.71283224674632,-21599.359028966894
2007-01-10,16866.81301747063,16866.81301747063,54.56148293687567,-16866.81301747063
2007-01-11,13149.400510123465,13149.400510123465,60.36071351070422,-13149.400510123465
2007-01-12,12663.903228686991,12663.903228686991,67.53378789117761,-12663.903228686991
2007-01-13,79581.11535887813,79581.11535887813,149.36239188350018,-79581.11535887813
2007-01-14,39875.4883753727,39875.4883753727,144.12265815700096,-39875.4883753727
2007-01-15,24842.935542800406,24842.935542800406,59.45922167867358,-24842.935542800406
2007-01-16,12699.776434749518,12699.776434749518,43.91364288579659,-12699.776434749518
2007-01-17,37367.736431677564,37367.736431677564,29.986820059990738,-37367.736431677564
2007-01-18,4145.743091586803,4145.743091586803,5.911753672181224,4145.743091586803
2007-01-19,306.76716331214993,306.76716331214993,0.3845964771518294,-306.76716331214993
2007-01-20,7944.681327710714,7944.681327710714,12.160411286329515,-7944.681327710714
2007-01-21,29361.31265607002,29361.31265607002,53.49182681349214,29361.31265607002
2007-01-22,2485.2064777659834,2485.2064777659834,1.5238942894023215,-2485.2064777659834
2007-01-23,28032.909045172622,28032.909045172622,29.41035646529415,-28032.909045172622
2007-01-24,19801.474915833518,19801.474915833518,25.099873006506446,-19801.474915833518
2007-01-25,7657.205139696249,7657.205139696249,4.655158485187269,-7657.205139696249
2007-01-26,13007.233006463852,13007.233006463852,8.269776898221533,13007.233006463852
2007-01-27,71946.0576575126,71946.0576575126,147.14992992047513,-71946.0576575126
2007-01-28,49392.370173172974,49392.370173172974,187.3322591454492,-49392.370173172974
2007-01-29,59679.598881443904,59679.598881443904,140.09361467649316,-59679.598881443904
2007-01-30,22983.759151378268,22983.759151378268,79.46841453104496,-22983.759151378268
2007-01-31,6388.026345899212,6388.026345899212,32.337866184308986,-6388.026345899212
2007-02-01,13807.679412685698,13807.679412685698,46.20091466087784,13807.679412685698
2007-02-02,12842.540953715594,12842.540953715594,20.42022820709479,-12842.540953715594
2007-02-03,84178.74138095268,84178.74138095268,88.07092188978201,84178.74138095268
2007-02-04,15913.472780303942,15913.472780303942,31.723360154700575,15913.472780303942
2007-02-05,11825.133871196595,11825.133871196595,7.820988512523057,11825.133871196595
2007-02-06,22636.781616365377,22636.781616365377,54.83930253375586,-22636.781616365377
2007-02-07,12286.36350842724,12286.36350842724,25.536377060224737,-12286.36350842724
2007-02-08,6639.102476306536,6639.102476306536,27.309666478580464,6639.102476306536
2007-02-09,12174.669687496164,12174.669687496164,67.79775391744629,-12174.669687496164
2007-02-10,45666.39345873682,45666.39345873682,124.76066993923673,-45666.39345873682
2007-02-11,14263.195047270136,14263.195047270136,83.6963496379283,-14263.195047270136
2007-02-12,7823.912135296065,7823.912135296065,38.59475676243314,-7823.912135296065
2007-02-13,8755.204331315908,8755.204331315908,75.72135517869525,8755.204331315908
2007-02-14,17503.3207464258,17503.3207464258,200.0,17503.3207464258
2007-02-15,23508.478751282033,23508.478751282033,109.9258481576064,23508.478751282033
2007-02-16,10222.566753915351,10222.566753915351,15.449244409790296,10222.566753915351
2007-02-17,34092.37416771151,34092.37416771151,60.01775658623454,34092.37416771151
2007-02-18,18963.321523159248,18963.321523159248,67.01213581259545,18963.321523159248
2007-02-19,10833.492996329907,10833.492996329907,12.615677821148822,10833.492996329907
2007-02-20,4452.52444075184,4452.52444075184,7.835676804682905,4452.52444075184
2007-02-21,13449.086264935067,13449.086264935067,22.19121339903636,13449.086264935067
2007-02-22,5534.099858125162,5534.099858125162,7.373594046462563,5534.099858125162
2007-02-23,2423.003826366301,2423.003826366301,10.263269681349714,2423.003826366301
2007-02-24,39851.59031724514,39851.59031724514,59.34340286118669,39851.59031724514
2007-02-25,57134.678657365876,57134.678657365876,118.57933509964491,57134.678657365876
2007-02-26,28803.364562041534,28803.364562041534,16.148251511471603,28803.364562041534
2007-02-27,20336.218913342498,20336.218913342498,25.25356555686254,-20336.218913342498
2007-02-28,4124.26623755716,4124.26623755716,10.088187486632739,-4124.26623755716
2007-03-01,36299.313738137454,36299.313738137454,59.840948023309736,-36299.313738137454
2007-03-02,16685.546940192544,16685.546940192544,30.563655003408492,-16685.546940192544
2007-03-03,29871.528511766453,29871.528511766453,42.230651391820516,29871.528511766453
2007-03-04,832.7319085661293,832.7319085661293,1.7164904772571816,832.7319085661293
2007-03-05,10821.253073082597,10821.253073082597,9.498107227218542,-10821.253073082597
2007-03-06,20914.077546547574,20914.077546547574,39.351350572451274,-20914.077546547574
2007-03-07,19898.12503493954,19898.12503493954,26.45005051115555,-19898.12503493954
2007-03-08,170.78146585066133,170.78146585066133,0.5249098351163585,-170.78146585066133
2007-03-09,17829.45258333427,17829.45258333427,56.53910681966375,-17829.45258333427
2007-03-10,33635.88341723676,33635.88341723676,80.97628826480324,-33635.88341723676
2007-03-11,27792.083933399466,27792.083933399466,130.5035178689894,-27792.083933399466
2007-03-12,5005.944703597088,5005.944703597088,19.99740435632857,-5005.944703597088
2007-03-13,5067.557478341769,5067.557478341769,35.40335204759008,-5067.557478341769
2007-03-14,504.997221726866,504.997221726866,3.2861374724446315,504.997221726866
2007-03-15,5558.235635918987,5558.235635918987,48.70995552532344,5558.235635918987
2007-03-16,13038.404161340244,13038.404161340244,29.104099081635276,-13038.404161340244
2007-03-17,958.5233362642757,958.5233362642757,1.6798298870397719,958.5233362642757
2007-03-18,2574.251623295466,2574.251623295466,7.205163144396383,2574.251623295466
2007-03-19,3716.2653390158957,3716.2653390158957,4.513419503855387,-3716.2653390158957
2007-03-20,14082.733188061204,14082.733188061204,20.669970223810356,-14082.733188061204
2007-03-21,5044.115047605039,5044.115047605039,3.3305933148598594,5044.115047605039
2007-03-22,33463.82977958722,33463.82977958722,30.673159612089833,33463.82977958722
2007-03-23,16947.68846970107,16947.68846970107,22.38830545037387,-16947.68846970107
2007-03-24,25732.506791593492,25732.506791593492,39.20621345414031,25732.506791593492
2007-03-25,42708.029148894406,42708.029148894406,80.22398535032083,42708.029148894406
2007-03-26,26446.16032912521,26446.16032912521,13.997349142856578,26446.16032912521
2007-03-27,12462.176710195898,12462.176710195898,17.581807784557792,-12462.176710195898
2007-03-28,8590.022947765945,8590.022947765945,20.542916634451107,-8590.022947765945
2007-03-29,7108.508052385012,7108.508052385012,45.638315264892164,7108.508052385012
2007-03-30,10446.006111997016,10446.006111997016,41.283661425004695,-10446.006111997016
2007-03-31,35579.685672536085,35579.685672536085,102.03569267461606,-35579.685672536085
2007-04-01,6937.454020023048,6937.454020023048,13.000915516623145,6937.454020023048
2007-04-02,16492.682712660273,16492.682712660273,20.811916904152255,-16492.682712660273
2007-04-03,24054.183313052854,24054.183313052854,32.04784888698958,-24054.183313052854
2007-04-04,19499.21142944826,19499.21142944826,22.649902119499725,-19499.21142944826
2007-04-05,6190.02364772954,6190.02364772954,3.1189499491144357,6190.02364772954
2007-04-06,13548.475363706762,13548.475363706762,10.808151055963924,-13548.475363706762
2007-04-07,13142.374317984315,13142.374317984315,18.902054818679417,13142.374317984315
2007-04-08,16535.402541812982,16535.402541812982,50.08041718635069,-16535.402541812982
2007-04-09,1381.6812241348525,1381.6812241348525,2.2198948641239404,-1381.6812241348525
2007-04-10,6756.929309434447,6756.929309434447,13.846602259403815,-6756.929309434447
2007-04-11,5736.475916411917,5736.475916411917,18.983489124501183,-5736.475916411917
2007-04-12,21832.089090155954,21832.089090155954,200.0,21832.089090155954
2007-04-13,8984.316037375953,8984.316037375953,75.89488060035917,8984.316037375953
2007-04-14,42409.22243269046,42409.22243269046,96.1123990979906,-42409.22243269046
2007-04-15,23188.069489352398,23188.069489352398,71.71412312894331,-23188.069489352398
2007-04-16,14757.84135090062,14757.84135090062,40.50021536681601,-14757.84135090062
2007-04-17,6448.048854494467,6448.048854494467,5.889488341542681,-6448.048854494467
2007-04-18,3964.9399865387677,3964.9399865387677,6.174719625260272,-3964.9399865387677
2007-04-19,4072.6261212018,4072.6261212018,5.970164522940175,-4072.6261212018
2007-04-20,5925.651592487309,5925.651592487309,5.31080988094052,5925.651592487309
2007-04-21,33206.640933561685,33206.640933561685,43.68336151679769,33206.640933561685
2007-04-22,14084.305602683366,14084.305602683366,29.809412360026666,14084.305602683366
2007-04-23,104583.86273020573,104583.86273020573,200.0,104583.86273020573
2007-04-24,13139.884177452564,13139.884177452564,12.311324883170162,13139.884177452564
2007-04-25,12713.381000016001,12713.381000016001,8.639548130595522,12713.381000016001
2007-04-26,16069.005330813554,16069.005330813554,9.725558298913214,-16069.005330813554
2007-04-27,7595.087827183568,7595.087827183568,13.679308089979886,7595.087827183568
2007-04-28,34160.43316961813,34160.43316961813,65.8702092262847,-34160.43316961813
2007-04-29,25652.77087244764,25652.77087244764,78.33771737161173,-25652.77087244764
2007-04-30,12854.7988764857,12854.7988764857,30.630439456707787,-12854.7988764857
2007-05-01,4680.414177310653,4680.414177310653,9.95193189025882,-4680.414177310653
2007-05-02,10322.070578990155,10322.070578990155,14.223402680992637,-10322.070578990155
2007-05-03,7509.55501797935,7509.55501797935,8.696121440438768,7509.55501797935
2007-05-04,13347.247990024742,13347.247990024742,12.137571933278373,13347.247990024742
2007-05-05,63820.25283346437,63820.25283346437,70.40302463835353,63820.25283346437
2007-05-06,15809.427932517261,15809.427932517261,32.8509545918582,-15809.427932517261
2007-05-07,13029.529186870845,13029.529186870845,10.71641601679289,-13029.529186870845
2007-05-08,24741.712456774047,24741.712456774047,54.460150018732044,-24741.712456774047
2007-05-09,12870.56138614608,12870.56138614608,32.728466674144215,-12870.56138614608
2007-05-10,18658.937890255424,18658.937890255424,200.0,18658.937890255424
2007-05-11,5336.816147330712,5336.816147330712,32.71793563394974,5336.816147330712
2007-05-12,48929.612734634546,48929.612734634546,114.95321348907719,-48929.612734634546
2007-05-13,29788.118651720884,29788.118651720884,104.8727518485371,-29788.118651720884
2007-05-14,2119.8468920221057,2119.8468920221057,5.162812577596386,-2119.8468920221057
2007-05-15,4500.595057496714,4500.595057496714,7.971256359754585,-4500.595057496714
2007-05-16,907.0414059117393,907.0414059117393,2.1928534865914386,-907.0414059117393
2007-05-17,7872.455768318236,7872.455768318236,6.8097159749963225,-7872.455768318236
2007-05-18,13834.733212144274,13834.733212144274,15.451351470957874,-13834.733212144274
2007-05-19,104453.7295928782,104453.7295928782,93.25654260809108,-104453.7295928782
2007-05-20,7843.166332126188,7843.166332126188,20.782976579645727,7843.166332126188
2007-05-21,48942.01528797364,48942.01528797364,34.807173046269696,48942.01528797364
2007-05-22,6936.4105708280695,6936.4105708280695,5.662921221406827,-6936.4105708280695
2007-05-23,18370.881295184867,18370.881295184867,21.868680353992488,-18370.881295184867
2007-05-24,9758.739574521554,9758.739574521554,15.658923122582172,9758.739574521554
2007-05-25,34468.21828425047,34468.21828425047,18.812897791157397,34468.21828425047
2007-05-26,38636.84978714068,38636.84978714068,54.763979016564214,38636.84978714068
2007-05-27,6110.530205283372,6110.530205283372,18.903264013089277,-6110.530205283372
2007-05-28,5695.547074771792,5695.547074771792,10.639473549170338,5695.547074771792
2007-05-29,11646.029180991361,11646.029180991361,33.073081973886815,-11646.029180991361
2007-05-30,12068.650110189941,12068.650110189941,49.758754707770144,-12068.650110189941
2007-05-31,10471.753228355563,10471.753228355563,41.31541152732493,-10471.753228355563
2007-06-01,11238.688985084926,11238.688985084926,21.70860862185915,11238.688985084926
2007-06-02,10588.947649606154,10588.947649606154,17.582158798916513,10588.947649606154
2007-06-03,5154.958510537952,5154.958510537952,13.141192369238322,-5154.958510537952
2007-06-04,5386.381311879115,5386.381311879115,5.872199578724252,5386.381311879115
2007-06-05,14653.895931063074,14653.895931063074,13.633186362089491,-14653.895931063074
2007-06-06,28693.44334107021,28693.44334107021,63.93836776163083,-28693.44334107021
2007-06-07,13626.691750517086,13626.691750517086,18.92245331042003,-13626.691750517086
2007-06-08,27203.518545085724,27203.518545085724,29.71170954022901,27203.518545085724
2007-06-09,14865.82240091724,14865.82240091724,29.67649921847852,-14865.82240091724
2007-06-10,22740.731818089902,22740.731818089902,86.56419897927731,-22740.731818089902
2007-06-11,2892.2365783353744,2892.2365783353744,5.000744627906798,-2892.2365783353744
2007-06-12,12268.86140581774,12268.86140581774,27.255396134610933,-12268.86140581774
2007-06-13,15225.510734930642,15225.510734930642,37.24188988261582,-15225.510734930642
2007-06-14,12386.915531625753,12386.915531625753,44.217731474557645,-12386.915531625753
2007-06-15,287.77991189296154,287.77991189296154,0.5758605386665885,-287.77991189296154
2007-06-16,4838.612766764985,4838.612766764985,9.572065598818234,-4838.612766764985
2007-06-17,32496.225650004708,32496.225650004708,66.80708240840633,32496.225650004708
2007-06-18,20263.661980879828,20263.661980879828,16.58126633031761,20263.661980879828
2007-06-19,24589.207191669266,24589.207191669266,23.756631432245605,-24589.207191669266
2007-06-20,40146.14287607788,40146.14287607788,45.30498968670704,-40146.14287607788
2007-06-21,30994.260032426566,30994.260032426566,20.72679877503739,-30994.260032426566
2007-06-22,42360.08681797696,42360.08681797696,28.49460140505766,-42360.08681797696
2007-06-23,5147.21118761113,5147.21118761113,8.430257367259347,5147.21118761113
2007-06-24,8914.04320680823,8914.04320680823,23.574030887793587,8914.04320680823
2007-06-25,26060.007801273896,26060.007801273896,21.224962232597015,26060.007801273896
2007-06-26,14430.664358355221,14430.664358355221,13.947342606859566,-14430.664358355221
2007-06-27,11255.330419415252,11255.330419415252,36.298542129162065,-11255.330419415252
2007-06-28,1904.0878811639705,1904.0878811639705,5.835755931804249,1904.0878811639705
2007-06-29,2906.8974279387476,2906.8974279387476,9.51413850250457,-2906.8974279387476
2007-06-30,32686.95137744747,32686.95137744747,73.71310180306763,-32686.95137744747
2007-07-01,3501.763644476341,3501.763644476341,14.205429524704927,-3501.763644476341
2007-07-02,12170.091644624175,12170.091644624175,21.156195287061287,12170.091644624175
2007-07-03,6337.888011541538,6337.888011541538,9.876877529684089,-6337.888011541538
2007-07-04,5463.280124700075,5463.280124700075,7.600730079872625,5463.280124700075
2007-07-05,45216.90382354258,45216.90382354258,31.661938007707658,45216.90382354258
2007-07-06,2240.98661298104,2240.98661298104,3.2216370334049067,-2240.98661298104
2007-07-07,1079.433746352268,1079.433746352268,1.83983047093692,1079.433746352268
2007-07-08,15259.851993230099,15259.851993230099,58.98684053146025,-15259.851993230099
2007-07-09,12145.594497788436,12145.594497788436,21.08141780604404,-12145.594497788436
2007-07-10,12987.09823767875,12987.09823767875,33.85270272426675,-12987.09823767875
2007-07-11,5841.274160613961,5841.274160613961,4.705416576362437,5841.274160613961
2007-07-12,51628.658225610096,51628.658225610096,29.855982608440566,51628.658225610096
2007-07-13,26677.192112911667,26677.192112911667,24.9642912486958,26677.192112911667
2007-07-14,20061.917740921184,20061.917740921184,29.330700269505783,20061.917740921184
2007-07-15,33705.3428408781,33705.3428408781,66.44415108123522,33705.3428408781
2007-07-16,1865.3340566699044,1865.3340566699044,2.1093269256170095,-1865.3340566699044
2007-07-17,13222.526861921986,13222.526861921986,10.85426366610551,13222.526861921986
2007-07-18,5527.996288157621,5527.996288157621,6.819130290874025,5527.996288157621
2007-07-19,7820.640196999448,7820.640196999448,9.538566568859531,7820.640196999448
2007-07-20,24302.42960365671,24302.42960365671,23.16308710375748,24302.42960365671
2007-07-21,31699.15308645864,31699.15308645864,42.44640244281411,31699.15308645864
2007-07-22,16215.82024240875,16215.82024240875,36.30779546236055,16215.82024240875
2007-07-23,5429.453179333359,5429.453179333359,4.378758181665405,5429.453179333359
2007-07-24,4918.944510823552,4918.944510823552,6.3047651677525325,-4918.944510823552
2007-07-25,314.0895126987016,314.0895126987016,0.21670754583599447,-314.0895126987016
2007-07-26,2309.1943219161476,2309.1943219161476,1.443017346588904,2309.1943219161476
2007-07-27,4720.615530725583,4720.615530725583,7.121124776542585,-4720.615530725583
2007-07-28,25485.480426027294,25485.480426027294,47.22792120160202,-25485.480426027294
2007-07-29,29255.82270933182,29255.82270933182,120.75255799422271,-29255.82270933182
2007-07-30,22330.05220622527,22330.05220622527,47.28436180737967,-22330.05220622527
2007-07-31,13626.281239632932,13626.281239632932,50.017292168294546,-13626.281239632932
2007-08-01,35720.72669152275,35720.72669152275,86.84758359958397,-35720.72669152275
2007-08-02,16835.653753440987,16835.653753440987,19.017357984948045,-16835.653753440987
2007-08-03,7271.774049370302,7271.774049370302,8.732148415560866,-7271.774049370302
2007-08-04,27677.983314720404,27677.983314720404,40.135699839537615,27677.983314720404
2007-08-05,608.2412150497985,608.2412150497985,1.4888124037548536,-608.2412150497985
2007-08-06,12970.170581443439,12970.170581443439,17.635672771569585,-12970.170581443439
2007-08-07,25867.911274799408,25867.911274799408,34.539384459861246,-25867.911274799408
2007-08-08,610.2063823474382,610.2063823474382,2.0391120406475856,-610.2063823474382
2007-08-09,3896.0752532333936,3896.0752532333936,16.28246876751622,-3896.0752532333936
2007-08-10,4888.739245514633,4888.739245514633,20.995798145793703,-4888.739245514633
2007-08-11,57022.359143878595,57022.359143878595,139.6197654953553,-57022.359143878595
2007-08-12,21825.658228202497,21825.658228202497,121.57224964091755,-21825.658228202497
2007-08-13,13016.463244257378,13016.463244257378,128.47178062900153,13016.463244257378
2007-08-14,22697.20841151118,22697.20841151118,200.0,22697.20841151118
2007-08-15,7039.105986029244,7039.105986029244,15.031045902635242,7039.105986029244
2007-08-16,6766.206759386856,6766.206759386856,30.731882317811603,6766.206759386856
2007-08-17,10758.958749836878,10758.958749836878,9.94813403361623,10758.958749836878
2007-08-18,3083.4548041920207,3083.4548041920207,5.878652538083624,-3083.4548041920207
2007-08-19,1050.2324513884523,1050.2324513884523,3.9297582188949707,-1050.2324513884523
2007-08-20,10042.501363559248,10042.501363559248,11.408206343198186,10042.501363559248
2007-08-21,15141.413925147324,15141.413925147324,10.373013124935177,15141.413925147324
2007-08-22,18349.31101067821,18349.31101067821,14.025881390476396,-18349.31101067821
2007-08-23,8474.558274834504,8474.558274834504,9.92252459090664,-8474.558274834504
2007-08-24,6610.820739686984,6610.820739686984,4.902548005684721,6610.820739686984
2007-08-25,53049.08146223811,53049.08146223811,68.4367763057749,53049.08146223811
2007-08-26,3750.2088515852956,3750.2088515852956,12.523612535326892,-3750.2088515852956
2007-08-27,22888.0722075894,22888.0722075894,40.81031572911489,-22888.0722075894
2007-08-28,6100.506797252354,6100.506797252354,13.544718293477862,6100.506797252354
2007-08-29,9932.71372446169,9932.71372446169,39.693315916377735,9932.71372446169
2007-08-30,73389.49075381586,73389.49075381586,200.0,73389.49075381586
2007-08-31,11298.398138934033,11298.398138934033,46.76644331811986,-11298.398138934033
2007-09-01,29393.039635292836,29393.039635292836,48.11706367138941,-29393.039635292836
2007-09-02,13266.400052138779,13266.400052138779,29.4502607506333,13266.400052138779
2007-09-03,37822.99602824214,37822.99602824214,124.04440087110756,-37822.99602824214
2007-09-04,572.4320526094016,572.4320526094016,200.0,-572.4320526094016
2007-09-05,7719.72799207332,7719.72799207332,200.0,-7719.72799207332
2007-09-06,1179.2759654295442,1179.2759654295442,200.0,-1179.2759654295442
2007-09-07,10443.861150754034,10443.861150754034,200.0,-10443.861150754034
2007-09-08,65092.58266189378,65092.58266189378,200.0,-65092.58266189378
2007-09-09,23393.283673215163,23393.283673215163,95.22377469742747,-23393.283673215163
2007-09-10,19262.774177151587,19262.774177151587,17.61754028538524,19262.774177151587
2007-09-11,8659.720533403073,8659.720533403073,8.910106990214494,-8659.720533403073
2007-09-12,2182.1097215549235,2182.1097215549235,3.1893355226606452,2182.1097215549235
2007-09-13,20344.69213456972,20344.69213456972,27.960467514003135,-20344.69213456972
2007-09-14,4659.284550888493,4659.284550888493,12.086453403632264,-4659.284550888493
2007-09-15,47511.67927077285,47511.67927077285,60.19153057599696,47511.67927077285
2007-09-16,7975.251963088434,7975.251963088434,21.944774326075546,7975.251963088434
2007-09-17,14969.684667548165,14969.684667548165,15.263482643070239,14969.684667548165
2007-09-18,2012.5254300178494,2012.5254300178494,1.3280162321938265,2012.5254300178494
2007-09-19,7755.762298605754,7755.762298605754,4.653981943915161,-7755.762298605754
2007-09-20,35735.999287251616,35735.999287251616,23.41532412343091,-35735.999287251616
2007-09-21,17525.737189899548,17525.737189899548,7.438858480737796,17525.737189899548
2007-09-22,120144.91243747901,120144.91243747901,107.53383487307121,120144.91243747901
2007-09-23,28704.311686487992,28704.311686487992,38.880062142328256,28704.311686487992
2007-09-24,8923.182608921605,8923.182608921605,5.7665056522295,-8923.182608921605
2007-09-25,18834.90709745261,18834.90709745261,7.293212537986077,18834.90709745261
2007-09-26,13486.274403740594,13486.274403740594,5.415372749323711,13486.274403740594
2007-09-27,13204.165903648478,13204.165903648478,9.109331604456465,-13204.165903648478
2007-09-28,14718.597316051048,14718.597316051048,12.297337757910007,-14718.597316051048
2007-09-29,8521.83169283066,8521.83169283066,9.437148685540103,-8521.83169283066
2007-09-30,16531.229211100523,16531.229211100523,28.420965416091526,-16531.229211100523
2007-10-01,4545.182545289426,4545.182545289426,2.931948503747834,-4545.182545289426
2007-10-02,18178.70619347287,18178.70619347287,7.817139007869374,-18178.70619347287
2007-10-03,22118.640911647526,22118.640911647526,11.084222294893731,22118.640911647526
2007-10-04,38253.52436142601,38253.52436142601,20.4615468593289,38253.52436142601
2007-10-05,42616.36832787673,42616.36832787673,20.710498254935544,42616.36832787673
2007-10-06,34770.85879375397,34770.85879375397,31.511164168479596,34770.85879375397
2007-10-07,45466.69321663868,45466.69321663868,51.25511049986559,45466.69321663868
2007-10-08,76303.49516891938,76303.49516891938,51.06585647834785,-76303.49516891938
2007-10-09,2362.8249481587263,2362.8249481587263,2.3590172001320355,-2362.8249481587263
2007-10-10,5278.413174407848,5278.413174407848,5.070970257162976,5278.413174407848
2007-10-11,558.8526944608311,558.8526944608311,0.6014952577404221,558.8526944608311
2007-10-12,39384.65877415452,39384.65877415452,200.0,39384.65877415452
2007-10-13,31966.505313839356,31966.505313839356,71.57227342887393,-31966.505313839356
2007-10-14,2453.545890110523,2453.545890110523,10.629128606110298,2453.545890110523
2007-10-15,12846.173812930094,12846.173812930094,15.321685170372156,-12846.173812930094
2007-10-16,44705.118770418834,44705.118770418834,39.85388139081139,-44705.118770418834
2007-10-17,53.02495531697059,53.02495531697059,0.026068852585994333,53.02495531697059
2007-10-18,3419.508027451855,3419.508027451855,2.7778238784617355,3419.508027451855
2007-10-19,2600.7238365031953,2600.7238365031953,2.390582943788218,-2600.7238365031953
2007-10-20,87531.95090820361,87531.95090820361,69.42901301317382,87531.95090820361
2007-10-21,34061.597943364475,34061.597943364475,46.08573421097331,34061.597943364475
2007-10-22,41846.74866818712,41846.74866818712,28.27738552716247,41846.74866818712
2007-10-23,19659.68360347353,19659.68360347353,9.83230765592072,-19659.68360347353
2007-10-24,3571.2840350874176,3571.2840350874176,2.1408732906930026,3571.2840350874176
2007-10-25,31220.85692721134,31220.85692721134,15.614365505918872,31220.85692721134
2007-10-26,61014.01046434685,61014.01046434685,30.30502304637502,61014.01046434685
2007-10-27,31160.437593798997,31160.437593798997,23.59749278635484,31160.437593798997
2007-10-28,33614.372668956,33614.372668956,47.17993004123631,-33614.372668956
2007-10-29,83754.81558072908,83754.81558072908,200.0,83754.81558072908
2007-10-30,15013.41268072644,15013.41268072644,13.47621985597379,-15013.41268072644
2007-10-31,24801.163292888,24801.163292888,35.7774887397533,-24801.163292888
2007-11-01,54227.896131364774,54227.896131364774,40.128995642906176,-54227.896131364774
2007-11-02,8083.230711613112,8083.230711613112,3.744288599235599,-8083.230711613112
2007-11-03,84145.64757268972,84145.64757268972,48.90278868074547,84145.64757268972
2007-11-04,4933.761445477023,4933.761445477023,4.0735539224886566,-4933.761445477023
2007-11-05,7022.827272565744,7022.827272565744,3.0598076538501764,7022.827272565744
2007-11-06,63451.25072752527,63451.25072752527,40.7979396187076,-63451.25072752527
2007-11-07,43076.993906782795,43076.993906782795,30.075714556161724,-43076.993906782795
2007-11-08,37220.92048666639,37220.92048666639,34.06311312662135,-37220.92048666639
2007-11-09,52047.13019363614,52047.13019363614,51.69890441803889,-52047.13019363614
2007-11-10,95154.39844677266,95154.39844677266,103.3083181869378,-95154.39844677266
2007-11-11,67615.25820604809,67615.25820604809,107.24472778438701,-67615.25820604809
2007-11-12,40079.25284907037,40079.25284907037,41.6452706001492,-40079.25284907037
2007-11-13,67326.14637569583,67326.14637569583,84.87586734853085,-67326.14637569583
2007-11-14,52791.7733941513,52791.7733941513,72.9108858441526,-52791.7733941513
2007-11-15,8728.0328489909,8728.0328489909,9.242467046786455,-8728.0328489909
2007-11-16,28443.954442421644,28443.954442421644,18.228399145505858,-28443.954442421644
2007-11-17,35508.86962036675,35508.86962036675,26.930125830676083,35508.86962036675
2007-11-18,10550.797714555767,10550.797714555767,13.26900665151795,10550.797714555767
2007-11-19,16018.529443012842,16018.529443012842,11.000170691610691,16018.529443012842
2007-11-20,23781.450762260065,23781.450762260065,13.67451645672938,-23781.450762260065
2007-11-21,30529.199631957395,30529.199631957395,13.134205416867145,30529.199631957395
2007-11-22,9007.001202525687,9007.001202525687,3.7507526614740265,-9007.001202525687
2007-11-23,808.47707002674,808.47707002674,0.4146232693039221,808.47707002674
2007-11-24,73800.83274691265,73800.83274691265,45.91329097777106,73800.83274691265
2007-11-25,87022.5898761967,87022.5898761967,68.65216068095668,87022.5898761967
2007-11-26,81011.16078437289,81011.16078437289,37.14584638266902,81011.16078437289
2007-11-27,26399.13197551272,26399.13197551272,15.83635315370387,-26399.13197551272
2007-11-28,33280.13007863023,33280.13007863023,27.235248876804196,-33280.13007863023
2007-11-29,20571.27704490081,20571.27704490081,26.527961387467556,-20571.27704490081
2007-11-30,30932.184481770848,30932.184481770848,32.68885330594459,-30932.184481770848
2007-12-01,833.6004650046234,833.6004650046234,0.5395409398144089,-833.6004650046234
2007-12-02,14986.923680768188,14986.923680768188,12.788946508817418,14986.923680768188
2007-12-03,464.2746178834932,464.2746178834932,0.20791717945184107,464.2746178834932
2007-12-04,15617.263260180538,15617.263260180538,5.955476863551364,-15617.263260180538
2007-12-05,34929.61950479634,34929.61950479634,13.216658020383779,-34929.61950479634
2007-12-06,32630.058689010562,32630.058689010562,21.38413553571124,-32630.058689010562
2007-12-07,42250.45334414265,42250.45334414265,31.435126735976898,-42250.45334414265
2007-12-08,46210.724114371405,46210.724114371405,37.408393648987406,-46210.724114371405
2007-12-09,46012.25109223876,46012.25109223876,69.60361193780446,-46012.25109223876
2007-12-10,18902.340822120663,18902.340822120663,19.466645707874587,-18902.340822120663
2007-12-11,41448.12977710279,41448.12977710279,52.320902595118625,-41448.12977710279
2007-12-12,25620.99333378015,25620.99333378015,34.95813850222516,-25620.99333378015
2007-12-13,26117.020176403385,26117.020176403385,39.230348740514884,-26117.020176403385
2007-12-14,24349.435032145004,24349.435032145004,15.848914506968576,-24349.435032145004
2007-12-15,91310.67900270142,91310.67900270142,50.527543670638664,91310.67900270142
2007-12-16,44093.5454176864,44093.5454176864,39.64062402169635,44093.5454176864
2007-12-17,48671.2934544138,48671.2934544138,21.75891730569861,48671.2934544138
2007-12-18,119636.9004033404,119636.9004033404,42.95735535043614,119636.9004033404
2007-12-19,22661.043424699747,22661.043424699747,9.16595704597737,-22661.043424699747
2007-12-20,58864.87761772846,58864.87761772846,200.0,58864.87761772846
2007-12-21,38298.70492377467,38298.70492377467,115.66884906038213,38298.70492377467
2007-12-22,84853.79261480097,84853.79261480097,97.01246551219124,-84853.79261480097
2007-12-23,71238.54040657097,71238.54040657097,200.0,-71238.54040657097
2007-12-24,28859.208503476228,28859.208503476228,18.901711881241805,28859.208503476228
2007-12-25,10871.174859096209,10871.174859096209,8.941992504217453,10871.174859096209
2007-12-26,281.3705399157916,281.3705399157916,0.26467157711466155,281.3705399157916
2007-12-27,39977.579784345624,39977.579784345624,38.824948633668,-39977.579784345624
2007-12-28,50691.59504164022,50691.59504164022,45.616406066415706,-50691.59504164022
2007-12-29,96070.63667418226,96070.63667418226,90.2959248355296,-96070.63667418226
2007-12-30,61522.21328512579,61522.21328512579,89.98276656067246,-61522.21328512579
2007-12-31,18426.719592245296,18426.719592245296,31.219367477375933,-18426.719592245296
2008-01-01,226041.84428301343,226041.84428301343,200.0,226041.84428301343
2008-01-02,95082.1152934774,95082.1152934774,50.35300679793632,-95082.1152934774
2008-01-03,90402.99047945515,90402.99047945515,34.43116836187811,-90402.99047945515
2008-01-04,98066.00748573308,98066.00748573308,32.24020747371566,-98066.00748573308
2008-01-05,67144.66966524799,67144.66966524799,33.153332217481136,67144.66966524799
2008-01-06,128650.52894767385,128650.52894767385,200.0,-128650.52894767385
2008-01-07,12493.376252729562,12493.376252729562,4.704304120240119,12493.376252729562
2008-01-08,32753.82925279191,32753.82925279191,16.028541127070692,-32753.82925279191
2008-01-09,53231.21713589411,53231.21713589411,41.22756166066568,-53231.21713589411
2008-01-10,23015.75081112371,23015.75081112371,19.880947741758387,-23015.75081112371
2008-01-11,38075.63953776969,38075.63953776969,44.31119006647622,-38075.63953776969
2008-01-12,76829.57897988515,76829.57897988515,76.3373636819646,-76829.57897988515
2008-01-13,65812.16707545848,65812.16707545848,116.16081268948267,-65812.16707545848
2008-01-14,23999.12293093436,23999.12293093436,25.280979455134844,-23999.12293093436
2008-01-15,29429.369720633564,29429.369720633564,39.83688021990077,-29429.369720633564
2008-01-16,15835.301289956318,15835.301289956318,20.467600034309907,-15835.301289956318
2008-01-17,52467.16778726422,52467.16778726422,25.89354773946246,52467.16778726422
2008-01-18,20898.410727062874,20898.410727062874,10.984178498555133,-20898.410727062874
2008-01-19,12648.085273932928,12648.085273932928,7.969508822533319,12648.085273932928
2008-01-20,30458.637842369237,30458.637842369237,31.029366858114322,30458.637842369237
2008-01-21,5728.449907882663,5728.449907882663,2.2906856559087356,5728.449907882663
2008-01-22,40947.37398785475,40947.37398785475,16.530121724302848,-40947.37398785475
2008-01-23,56366.72840089403,56366.72840089403,29.045527801256267,-56366.72840089403
2008-01-24,60906.50661813663,60906.50661813663,28.248034702593582,-60906.50661813663
2008-01-25,55482.048721094965,55482.048721094965,23.59743554096413,55482.048721094965
2008-01-26,16084.87633894512,16084.87633894512,10.167917332251552,-16084.87633894512
2008-01-27,61548.856243639864,61548.856243639864,81.84206406561582,-61548.856243639864
2008-01-28,12046.926113223017,12046.926113223017,7.263596364648102,-12046.926113223017
2008-01-29,48562.72561055643,48562.72561055643,45.228750331339896,-48562.72561055643
2008-01-30,27434.847327349096,27434.847327349096,30.188848034338957,-27434.847327349096
2008-01-31,14091.157285446068,14091.157285446068,19.020108290441428,-14091.157285446068
2008-02-01,2964.26021210193,2964.26021210193,2.465535000093284,2964.26021210193
2008-02-02,90743.8110192354,90743.8110192354,51.22483043370363,90743.8110192354
2008-02-03,19174.024229370058,19174.024229370058,22.952729268131726,-19174.024229370058
2008-02-04,13406.27970470913,13406.27970470913,7.197881182210658,-13406.27970470913
2008-02-05,16838.25905314018,16838.25905314018,6.974410704358304,-16838.25905314018
2008-02-06,54091.49033992403,54091.49033992403,44.37702818577402,-54091.49033992403
2008-02-07,12157.731961284444,12157.731961284444,8.975551840670175,-12157.731961284444
2008-02-08,30683.765580132545,30683.765580132545,26.274422750394788,-30683.765580132545
2008-02-09,67215.39376715478,67215.39376715478,56.224750053205206,-67215.39376715478
2008-02-10,48104.540337615326,48104.540337615326,74.17556889281019,-48104.540337615326
2008-02-11,60899.71004572007,60899.71004572007,56.09523453321674,-60899.71004572007
2008-02-12,33165.51467883562,33165.51467883562,35.849666178638984,-33165.51467883562
2008-02-13,34146.22026399664,34146.22026399664,33.9583929519158,-34146.22026399664
2008-02-14,1838.4076152886992,1838.4076152886992,3.0719894297496957,-1838.4076152886992
2008-02-15,14124.051278121522,14124.051278121522,15.17213873171449,-14124.051278121522
2008-02-16,54172.74674028205,54172.74674028205,47.83618682712311,-54172.74674028205
2008-02-17,19524.855899305025,19524.855899305025,33.73475287166577,19524.855899305025
2008-02-18,1026.201451049681,1026.201451049681,0.6230092088727797,1026.201451049681
2008-02-19,43685.96467316625,43685.96467316625,22.08001322863491,-43685.96467316625
2008-02-20,6389.44015765519,6389.44015765519,4.066332829586113,6389.44015765519
2008-02-21,18973.60296679265,18973.60296679265,7.324816048893069,-18973.60296679265
2008-02-22,42793.77442614775,42793.77442614775,24.032925043467948,42793.77442614775
2008-02-23,1782.106212746352,1782.106212746352,1.6714393272484271,-1782.106212746352
2008-02-24,96427.69271125433,96427.69271125433,126.68492572782955,96427.69271125433
2008-02-25,36380.57609099822,36380.57609099822,20.749214850530528,36380.57609099822
